Observed,1.442361111111111,1.5430555555555556,2.3881944444444443,1.8534722222222222,1.8930555555555557,2.3944444444444444,3.0625,4.3493055555555555,1.8736111111111111,1.8493055555555555,1.7479166666666668,2.870138888888889,2.591666666666667
Spheroidal,2.2210969985462725,,,2.6119523467496037,2.5824492345564067,2.4301898665726185,2.4282908379100263,2.345798893366009,2.7630269695073366,3.2451704861596227,3.3637540680356324,3.1819949499331415,2.670040943659842
tt_1.0h,3.4964782213792205,,,3.4027446997351944,3.3528584530577064,3.1013537705875933,2.6301845773123205,2.766166591551155,3.6294360174797475,3.5990051375702024,3.783768459688872,3.4002870870754123,3.610335558652878
tt_1.5h,3.2948326664045453,,,3.2813685685396194,3.2036705166101456,2.9806158537976444,2.6063066655769944,2.7226952663622797,3.4980562371201813,3.575329279527068,3.681869758758694,3.377397538628429,3.4851272124797106
tt_2.0h,3.130743822082877,,,3.1727562667801976,3.084397573955357,2.8550846250727773,2.577797238714993,2.6748155960813165,3.386600290425122,3.54364609811455,3.5961714209988713,3.362968700006604,3.380906709469855
tt_2.5h,3.0083496924489737,,,3.096287078689784,2.982578542083502,2.7505833082832396,2.554294246248901,2.6288102390244603,3.3115495345555246,3.5070160278119147,3.4999875430949032,3.3342524343170226,3.291525987442583
tt_3.0h,2.918446241877973,,,3.007403764873743,2.8928187959827483,2.6983163515105844,2.545589219778776,2.6023841658607125,3.2239278852939606,3.4880545609630644,3.4523787829093635,3.307473862543702,3.2135991640388966
tt_3.5h,2.801129332743585,,,2.9274102160707116,2.8124182424508035,2.6152815422974527,2.52800813363865,2.570653327740729,3.146059099584818,3.4705639109015465,3.3756199721246958,3.297993286512792,3.144903110805899
tt_4.0h,2.7508971681818366,,,2.855061857495457,2.7569267731159925,2.541537885554135,2.513196890242398,2.5405317530967295,3.0764951878227293,3.4479000344872475,3.322390742599964,3.285506783053279,3.0838819504715502
tt_4.5h,2.690079151187092,,,2.8045186600647867,2.6895958255045116,2.491350350435823,2.506498957052827,2.522240285295993,3.014161783736199,3.4174953754991293,3.259992733132094,3.270290743559599,3.04465658031404
tt_5.0h,2.628911626059562,,,2.74352852627635,2.6280357311479747,2.4301898665726185,2.495491669047624,2.48334545455873,2.973343853838742,3.404383845627308,3.2201173496432602,3.261194404680282,2.994663950521499
tt_5.5h,2.584182187449187,,,2.68801362067461,2.5715176332741976,2.3745087534189224,2.486074157524854,2.468368373811245,2.9209681735374033,3.392386896535754,3.1937823351472616,3.2402519886381924,2.949522112030536
tt_6.0h,2.5406722384504974,,,2.6373065654188395,2.5194611493498087,2.3308121929876506,2.468500724527985,2.4546031351201236,2.873008987400681,3.377292544580996,3.14569130865857,3.2360305874608457,2.9086459185928106
tt_6.5h,2.4870669883675873,,,2.6028300547041,2.4713774085976183,2.2824604585766792,2.461157231591642,2.4419292914681137,2.828996113035828,3.3603288512676954,3.11505546560511,3.2229300844483078,2.871493719983846
tt_7.0h,2.466750253457576,,,2.5678696841932833,2.4268625704571605,2.2379558635875583,2.4548742631450295,2.4096447597257793,2.7885091532953084,3.337052588351071,3.082147288136184,3.2201655888929963,2.837645889725536
tt_7.5h,2.4400451611727476,,,2.5272882324643433,2.385576249565929,2.208494103513658,2.454055949114263,2.399125151336193,2.7630269695073366,3.3309418582357466,3.0400625918991864,3.2157398373819888,2.8067363556474447
tt_8.0h,2.424152356106788,,,2.489857996813953,2.358344446402043,2.1699770125560462,2.449346547946334,2.383061435073614,2.7279173778370023,3.3227438419125974,3.011474669445306,3.1978930621407926,2.778451392892748
tt_8.5h,2.3880261350423098,,,2.4491274473257363,2.3221845664083958,2.1519396319054067,2.44535218924284,2.370670502074063,2.695313398260623,3.318647213280201,2.9893541568890214,3.1887673614546657,2.747603597585112
tt_9.0h,2.360073789488524,,,2.4166666637174785,2.2885205959901214,2.117877632379532,2.446817754302174,2.3627458540722728,2.665260400623083,3.299207972828299,2.9584071873687208,3.188048232346773,2.733744121622294
tt_9.5h,2.3436035932973027,,,2.386603789869696,2.2571556423790753,2.0862986403517425,2.443783299997449,2.339303861372173,2.6376020521856844,3.29653711989522,2.945525262504816,3.1876337453722954,2.7119326940737665
tt_10.0h,2.321589332539588,,,2.358729304280132,2.2279107673093677,2.066439305897802,2.4412446203641593,2.3295458825305104,2.6055220547132194,3.2923829490318894,2.928016305435449,3.186203924007714,2.6919109588488936
tt_10.5h,2.308887533377856,,,2.341325619723648,2.2006440474651754,2.0388563331216574,2.4430991541594267,2.3234673757106066,2.5816506454721093,3.2910342612303793,2.9024016498588026,3.181139165069908,2.6735248332843184
tt_11.0h,2.3021868504583836,,,2.3170093251392245,2.1703149722889066,2.013220954220742,2.441297795623541,2.3178898473270237,2.559628052636981,3.2740683616138995,2.876231807284057,3.164695947431028,2.656649613752961
tt_11.5h,2.280789581593126,,,2.294438533950597,2.1469051777385175,1.9864411437883973,2.42785552656278,2.2942072548903525,2.539294279180467,3.273657724726945,2.85353600140661,3.16580224968493,2.6411296240985394
tt_12.0h,2.260021392721683,,,2.273506990633905,2.1331901880912483,1.963675769045949,2.4265614729374647,2.2847549063153565,2.5204939674586058,3.272157436236739,2.8450127453543246,3.1671500257216394,2.6268901573494077
tt_12.5h,2.2524222154170275,,,2.2613969082012773,2.1125653441995382,1.9425481297075748,2.4255217970348895,2.2807517782785,2.5110440612770617,3.2665221984498203,2.8247996265999973,3.1628784677013755,2.613830671645701
tt_13.0h,2.239022872876376,,,2.2431187704205513,2.09333366015926,1.9305680925026536,2.428439925890416,2.2771351388655603,2.494775233324617,3.2674471409991384,2.81381600163877,3.1647857814095914,2.6018685586750507
tt_13.5h,2.2335603814572096,,,2.229428183287382,2.0754238017834723,1.9121054611168802,2.4277630569413304,2.271999201271683,2.4797913441434503,3.252596041187644,2.7994623025879264,3.1501033981330693,2.597921369597316
tt_14.0h,2.231737084221095,,,2.2134334798902273,2.058738723397255,1.898278511594981,2.4272388303652406,2.253144673537463,2.4660014752298594,3.2530945776961744,2.7901200694032013,3.152421965263784,2.5877333800308406
tt_14.5h,2.2116525657474995,,,2.2050964604131877,2.0432062563486397,1.8891686382703483,2.430587665643543,2.2507266853936017,2.4533344320952892,3.255012331996113,2.7654715604148805,3.149655843619257,2.5784279708750546
tt_15.0h,2.201851711142808,,,2.191172584425658,2.028764186426997,1.8740309965796769,2.4302517934702337,2.247039059177041,2.4485061657615006,3.2571553392335773,2.7535410905256867,3.152413309086114,2.569969851989299
tt_15.5h,2.1994089572690427,,,2.178261112421751,2.0153611302375793,1.8600705261342227,2.430002184584737,2.241054038517177,2.437695579137653,3.243403394240886,2.746430309023708,3.1553185787051916,2.5622875769622624
tt_16.0h,2.199616011697799,,,2.1663148291409016,1.9931690199300647,1.8535148119553924,2.4334600348956883,2.2396496357396245,2.4278579438105226,3.2451704861596227,2.7358916071243584,3.1418713834136724,2.5553527856245637
tt_16.5h,2.1918715820647776,,,2.1450208979658782,1.9814606560394168,1.8414552132599056,2.4333209954202175,2.2211441164836287,2.4188632857985795,3.2479428304359317,2.7300764326937497,3.145077846944332,2.549077699892223
tt_17.0h,2.191136690787971,,,2.1347030168399215,1.9707038975320756,1.822505747899413,2.433222788386047,2.220336385536939,2.410660705063492,3.25087165273726,2.7185584474354982,3.1435823813080788,2.542386878747493
tt_17.5h,2.1763754533603787,,,2.125253993086517,1.9607940018177032,1.8119847918860614,2.420687174424529,2.219775766134262,2.4091556342318654,3.237818857189268,2.7161493618041277,3.1470610182732344,2.5270789335481822
tt_18.0h,2.168820546939969,,,2.1165760667063296,1.9516571341082454,1.802319681737572,2.420633513480425,2.2194586964324117,2.402213718742132,3.24040116276592,2.7059897021390498,3.1506337956525385,2.5225530029274523
tt_18.5h,2.1708869454450905,,,2.1139232949353755,1.9433827777393162,1.7991844294592738,2.420597610529512,2.202346676494926,2.397149889729917,3.2381075862795115,2.6882420810870826,3.1379872276447713,2.5185355078428984
tt_19.0h,2.171969410497695,,,2.106588347814977,1.9357031234540045,1.7909657754935324,2.424193640705198,2.2025479916483164,2.3913765270262957,3.2415647823363543,2.6850793631747365,3.137283162213862,2.5149940396659076
tt_19.5h,2.167421128600836,,,2.099949402268976,1.9288316196762025,1.7850291007198393,2.424177321139723,2.199219754897058,2.386185894254595,3.2448009341023862,2.67671424895525,3.140930851921439,2.5119025111198425
tt_20.0h,2.169372281525284,,,2.0940333427861333,1.9277679016813636,1.7834964953362942,2.424167092423886,2.1991029824130237,2.3708360074087977,3.232620093971491,2.676039638929069,3.1448078784160316,2.5092078018933535
tt_20.5h,2.156468166038394,,,2.094553606584668,1.9220492988824844,1.7772325137630105,2.4277812191285193,2.199944539926946,2.366623878479004,3.2367370687425137,2.6687581902369857,3.148623740300536,2.506886553019285
tt_21.0h,2.1523133823648095,,,2.089523065369576,1.9168917760252953,1.7716281577013433,2.4277766630984843,2.1848504156805575,2.3629087996669114,3.2410261081531644,2.6673546391539276,3.1482238522730768,2.504909675102681
tt_21.5h,2.156025879550725,,,2.0850599301047623,1.9116024817340076,1.7715862952172756,2.4313950715586543,2.185452333651483,2.3596421414986253,3.2452820860780776,2.6623232373967767,3.1361490436829627,2.503245532512665
tt_22.0h,2.1592720770277083,,,2.081152159254998,1.907737711444497,1.7672416153363883,2.431393380276859,2.1868170448578894,2.3567963945679367,3.233878965023905,2.645530658774078,3.1401449306868017,2.506831439677626
tt_22.5h,2.1633381424471736,,,2.08217591419816,1.9043535785749555,1.7641118131577969,2.4313924368470907,2.1883216076530516,2.359266544226557,3.2387307793833315,2.6412071008235216,3.144238071516156,2.5056445691734552
tt_23.0h,2.160750641487539,,,2.0791185637935996,1.9014835143461823,1.7492033187299967,2.4189111473970115,2.1734408237971365,2.357109161093831,3.2437571762129664,2.641175178345293,3.143966296687722,2.5046840012073517
tt_23.5h,2.1490841200575233,,,2.0764624127186835,1.8990847887471318,1.7462040716782212,2.4189108018763363,2.1719099837355316,2.3552963552065194,3.2487530927173793,2.6414407985284925,3.1481377803720534,2.5039201262407005
tt_24.0h,2.1532569932751358,,,2.0742150167934597,1.9014589795842767,1.748183328192681,2.418910623062402,2.1738850800320506,2.3537972648628056,3.237774201668799,2.6380772362463176,3.136228867340833,2.503325256984681
tt_24.5h,2.151912215631455,,,2.060414410661906,1.89982375735417,1.7460549627430737,2.4225363745354116,2.175985293928534,2.3525746362283826,3.2373387310653925,2.638909643050283,3.1403992692939937,2.5028727487660944
