ICME,CME,-,Disturbance_Time,ICME_Start_Time,ICME_End_Time,V_ICME,V_max,B,MC,- ,CME_Time,Time_21.5,lat,lon,Ang_rad,V,cat,tt_icme,v_eff
18/02/2011 19:00,15/02/2011 02:25,-,2011-02-18 01:30:00,2011-02-18 19:00:00,2011-02-20 08:00:00,470,600,10,1,-,2011-02-15 02:25:00,2011-02-15 06:25:00,-20,15,35,920,M2M_CATALOG,3.5243055555555554,442.12049261083746
05/06/2011 02:00,02/06/2011 07:40,-,2011-06-04 20:45:00,2011-06-05 02:00:00,2011-06-05 19:00:00,510,560,12,2,-,2011-06-02 07:40:00,2011-06-02 11:25:00,-5,-30,30,950,M2M_CATALOG,2.607638888888889,597.5396804260986
17/06/2011 05:00,14/06/2011 08:10,-,2011-06-17 02:41:00,2011-06-17 05:00:00,2011-06-17 13:00:00,500,550,9,1,-,2011-06-14 08:10:00,2011-06-14 12:45:00,5,-45,43,830,M2M_CATALOG,2.6770833333333335,582.0392996108949
06/08/2011 22:00,04/08/2011 04:10,-,2011-08-05 17:51:00,2011-08-06 22:00:00,2011-08-07 22:00:00,540,610,4,1,-,2011-08-04 04:10:00,2011-08-04 05:45:00,14,40,60,1950,M2M_CATALOG,2.6770833333333335,582.0392996108949
10/09/2011 03:00,06/09/2011 22:40,-,2011-09-09 12:42:00,2011-09-10 03:00:00,2011-09-10 15:00:00,470,530,14,2,-,2011-09-06 22:40:00,2011-09-07 03:50:00,20,20,30,650,M2M_CATALOG,2.9652777777777777,525.4710772833724
13/11/2011 10:00,09/11/2011 13:39,-,2011-11-12 05:59:00,2011-11-13 10:00:00,2011-11-15 02:00:00,370,460,5,1,-,2011-11-09 13:39:00,2011-11-09 16:20:00,24,-35,38,1150,M2M_CATALOG,3.736111111111111,417.0560408921933
29/11/2011 00:00,26/11/2011 07:12,-,2011-11-28 21:50:00,2011-11-29 00:00:00,2011-11-29 08:00:00,450,510,15,2,-,2011-11-26 07:12:00,2011-11-26 11:30:00,23,45,72,930,M2M_CATALOG,2.5208333333333335,618.1161157024793
22/01/2012 23:00,19/01/2012 15:10,-,2012-01-22 06:11:00,2012-01-22 23:00:00,2012-01-23 07:00:00,450,460,9,2,-,2012-01-19 15:10:00,2012-01-19 18:34:00,46,-21,69,1020,M2M_CATALOG,3.1847222222222222,489.2633013519407
14/02/2012 21:00,10/02/2012 12:25,-,2012-02-14 07:00:00,2012-02-14 21:00:00,2012-02-16 06:00:00,370,400,9,1,-,2012-02-10 12:25:00,2012-02-10 12:25:00,4,-19,36,301,M2M_CATALOG,4.357638888888889,357.5715537848605
27/02/2012 19:00,24/02/2012 03:46,-,2012-02-26 21:39:00,2012-02-27 19:00:00,2012-02-28 16:00:00,440,490,13,2,-,2012-02-24 03:46:00,2012-02-24 07:40:00,32,-12,55,815,M2M_CATALOG,3.4722222222222223,448.75229999999993
15/03/2012 17:00,13/03/2012 17:52,-,2012-03-15 13:06:00,2012-03-15 17:00:00,2012-03-16 10:00:00,680,760,9,1,-,2012-03-13 17:52:00,2012-03-13 18:55:00,25,43,60,2250,M2M_CATALOG,1.9201388888888888,811.4869801084992
16/06/2012 23:00,14/06/2012 14:09,-,2012-06-16 20:19:00,2012-06-16 23:00:00,2012-06-17 12:00:00,440,510,28,2,-,2012-06-14 14:09:00,2012-06-14 16:35:00,-20,-9,50,1364,M2M_CATALOG,2.267361111111111,687.216385911179
09/07/2012 00:00,04/07/2012 17:24,-,2012-07-08 08:00:00,2012-07-09 00:00:00,2012-07-09 14:00:00,410,450,12,2,-,2012-07-04 17:24:00,2012-07-05 02:07:00,-7,25,31,535,M2M_CATALOG,3.9118055555555555,398.32442748091603
08/10/2012 18:00,05/10/2012 03:24,-,2012-10-08 05:16:00,2012-10-08 18:00:00,2012-10-09 12:00:00,390,420,16,2,-,2012-10-05 03:24:00,2012-10-05 09:15:00,-28,10,47,650,M2M_CATALOG,3.3645833333333335,463.10866873065015
13/11/2012 08:00,09/11/2012 15:24,-,2012-11-12 23:11:00,2012-11-13 08:00:00,2012-11-14 03:00:00,380,460,21,2,-,2012-11-09 15:24:00,2012-11-09 20:55:00,-13,-11,27,570,M2M_CATALOG,3.4618055555555554,450.1026078234704
14/02/2013 08:00,09/02/2013 07:30,-,2013-02-13 17:00:00,2013-02-14 08:00:00,2013-02-16 14:00:00,360,400,4,0,-,2013-02-09 07:30:00,2013-02-09 10:55:00,28,3,32,825,M2M_CATALOG,4.878472222222222,319.39665480427044
14/04/2013 17:00,11/04/2013 07:36,-,2013-04-13 22:54:00,2013-04-14 17:00:00,2013-04-15 23:00:00,410,520,9,2,-,2013-04-11 07:36:00,2013-04-11 12:15:00,-7,-25,58,675,M2M_CATALOG,3.1979166666666665,487.2446254071661
05/07/2013 01:00,30/06/2013 02:24,-,2013-07-05 01:00:00,2013-07-05 01:00:00,2013-07-07 16:00:00,350,370,10,2,-,2013-06-30 02:24:00,2013-06-30 02:24:00,8,1,35,440,M2M_CATALOG,4.941666666666666,315.31218381112984
13/07/2013 05:00,09/07/2013 15:09,-,2013-07-12 17:14:00,2013-07-13 05:00:00,2013-07-15 00:00:00,430,500,13,2,-,2013-07-09 15:09:00,2013-07-09 20:34:00,2,-10,40,600,M2M_CATALOG,3.3513888888888888,464.93193120596766
25/08/2013 03:00,21/08/2013 05:09,-,2013-08-24 00:03:00,2013-08-25 03:00:00,2013-08-26 03:00:00,400,520,4,1,-,2013-08-21 05:09:00,2013-08-21 10:14:00,10,-2,40,610,M2M_CATALOG,3.698611111111111,421.2845475028164
09/10/2013 09:00,06/10/2013 14:39,-,2013-10-08 20:20:00,2013-10-09 09:00:00,2013-10-11 00:00:00,480,650,6,0,-,2013-10-06 14:39:00,2013-10-06 18:19:00,-15,6,25,790,M2M_CATALOG,2.6118055555555557,596.586413187982
21/02/2014 02:00,18/02/2014 01:25,-,2014-02-20 03:18:00,2014-02-21 02:00:00,2014-02-22 12:00:00,490,690,6,0,-,2014-02-18 01:25:00,2014-02-18 05:29:00,-28,-49,63,851,M2M_CATALOG,2.854861111111111,545.7945755290683
19/08/2014 16:00,15/08/2014 21:12,-,2014-08-19 06:57:00,2014-08-19 16:00:00,2014-08-21 05:00:00,360,440,17,2,-,2014-08-15 21:12:00,2014-08-16 01:36:00,12,5,39,676,M2M_CATALOG,3.6,432.8243634259259
12/09/2014 22:00,10/09/2014 18:18,-,2014-09-12 15:53:00,2014-09-12 22:00:00,2014-09-14 02:00:00,600,720,20,2,-,2014-09-10 18:18:00,2014-09-10 20:00:00,15,10,45,1400,M2M_CATALOG,2.0833333333333335,747.9205
28/03/2015 11:00,22/03/2015 19:36,-,2015-03-28 00:00:00,2015-03-28 11:00:00,2015-03-29 11:00:00,390,420,13,2,-,2015-03-22 19:36:00,2015-03-23 09:49:00,14,20,27,236,M2M_CATALOG,5.049305555555556,308.59049649291705
18/05/2015 20:00,13/05/2015 18:48,-,2015-05-18 19:00:00,2015-05-18 20:00:00,2015-05-19 02:00:00,460,480,16,2,-,2015-05-13 18:48:00,2015-05-14 03:55:00,37,7,37,354,M2M_CATALOG,4.670138888888889,333.6448327137546
13/07/2015 06:00,08/07/2015 09:12,-,2015-07-13 01:38:00,2015-07-13 06:00:00,2015-07-14 15:00:00,490,650,8,0,-,2015-07-08 09:12:00,2015-07-08 19:32:00,13,27,40,329,M2M_CATALOG,4.436111111111111,351.24632122730117
15/08/2015 21:00,12/08/2015 15:12,-,2015-08-15 08:29:00,2015-08-15 21:00:00,2015-08-16 08:00:00,500,510,12,1,-,2015-08-12 15:12:00,2015-08-12 21:22:00,-22,36,41,567,M2M_CATALOG,2.9847222222222225,522.0478129362494
21/09/2015 08:00,18/09/2015 05:00,-,2015-09-20 06:04:00,2015-09-21 08:00:00,2015-09-22 01:00:00,510,600,5,0,-,2015-09-18 05:00:00,2015-09-18 09:37:00,-26,7,38,744,M2M_CATALOG,2.932638888888889,531.3193227563344
25/10/2015 14:00,22/10/2015 03:12,-,2015-10-24 18:54:00,2015-10-25 14:00:00,2015-10-27 04:00:00,430,490,7,1,-,2015-10-22 03:12:00,2015-10-22 07:09:00,-13,37,43,861,M2M_CATALOG,3.2854166666666664,474.2679137603044
07/11/2015 06:00,04/11/2015 14:24,-,2015-11-06 18:18:00,2015-11-07 06:00:00,2015-11-08 16:00:00,500,680,13,2,-,2015-11-04 14:24:00,2015-11-04 19:30:00,-6,18,50,780,M2M_CATALOG,2.4375,639.2482905982906
31/12/2015 17:00,28/12/2015 12:39,-,2015-12-31 00:50:00,2015-12-31 17:00:00,2016-01-02 11:00:00,440,480,10,2,-,2015-12-28 12:39:00,2015-12-28 16:43:00,-15,14,58,850,M2M_CATALOG,3.0118055555555556,517.3533548535854
19/01/2016 10:00,15/01/2016 00:00,-,2016-01-18 21:57:00,2016-01-19 10:00:00,2016-01-21 00:00:00,370,400,14,2,-,2016-01-15 00:00:00,2016-01-15 11:43:00,-30,31,45,483,M2M_CATALOG,3.928472222222222,396.6345235990808
02/08/2016 14:00,28/07/2016 22:24,-,2016-08-02 14:00:00,2016-08-02 14:00:00,2016-08-03 03:00:00,420,460,20,2,-,2016-07-28 22:24:00,2016-07-29 08:50:00,7,10,45,350,M2M_CATALOG,4.215277777777778,369.64769357495885
13/10/2016 06:00,08/10/2016 21:09,-,2016-10-12 22:12:00,2016-10-13 06:00:00,2016-10-14 16:00:00,390,460,19,2,-,2016-10-08 21:09:00,2016-10-09 15:56:00,10,-22,37,243,M2M_CATALOG,3.5861111111111112,434.5006777691712
10/11/2016 00:00,05/11/2016 04:48,-,2016-11-09 06:04:00,2016-11-10 00:00:00,2016-11-10 16:00:00,360,370,11,2,-,2016-11-05 04:48:00,2016-11-05 12:17:00,23,26,35,487,M2M_CATALOG,4.488194444444445,347.17027696116355
27/05/2017 22:00,23/05/2017 05:00,-,2017-05-27 15:34:00,2017-05-27 22:00:00,2017-05-29 14:00:00,360,390,16,2,-,2017-05-23 05:00:00,2017-05-23 15:27:00,-7,12,26,375,M2M_CATALOG,4.272916666666666,364.661384690395
09/03/2018 22:00,05/03/2018 23:39,-,2018-03-09 18:09:00,2018-03-09 22:00:00,2018-03-11 00:00:00,410,450,14,2,-,2018-03-05 23:39:00,2018-03-06 09:54:00,-12,-12,29,386,M2M_CATALOG,3.5041666666666664,444.6614149821641
10/07/2018 12:00,05/07/2018 04:39,-,2018-07-10 12:00:00,2018-07-10 12:00:00,2018-07-11 11:00:00,330,360,9,2,-,2018-07-05 04:39:00,2018-07-05 22:56:00,-5,-10,22,260,M2M_CATALOG,4.544444444444444,342.8730898533007
25/08/2018 12:00,20/08/2018 21:24,-,2018-08-25 02:00:00,2018-08-25 12:00:00,2018-08-26 12:00:00,410,440,16,2,-,2018-08-20 21:24:00,2018-08-21 18:06:00,10,0,19,309,M2M_CATALOG,3.7458333333333336,415.9735817575083
29/10/2019 20:00,25/10/2019 05:54,-,2019-10-29 20:00:00,2019-10-29 20:00:00,2019-10-30 21:00:00,380,410,10,2,-,2019-10-25 05:54:00,2019-10-25 20:56:00,-5,3,17,262,M2M_CATALOG,3.9611111111111112,393.3663218793829
20/04/2020 09:00,14/04/2020 21:54,-,2020-04-20 02:31:00,2020-04-20 09:00:00,2020-04-21 04:00:00,330,360,15,2,-,2020-04-14 21:54:00,2020-04-15 15:51:00,-1,31,30,232,M2M_CATALOG,4.714583333333334,330.49955810870523
10/12/2020 23:00,07/12/2020 16:24,-,2020-12-10 02:10:00,2020-12-10 23:00:00,2020-12-13 04:00:00,440,570,5,0,-,2020-12-07 16:24:00,2020-12-07 18:49:00,-21,12,41,1383,M2M_CATALOG,3.1743055555555557,490.8688470794137
23/02/2021 08:00,20/02/2021 11:36,-,2021-02-23 02:00:00,2021-02-23 08:00:00,2021-02-24 15:00:00,510,590,5,0,-,2021-02-20 11:36:00,2021-02-20 18:33:00,-18,-31,50,680,M2M_CATALOG,2.560416666666667,608.5602115541091
12/05/2021 15:00,09/05/2021 11:23,-,2021-05-12 06:37:00,2021-05-12 15:00:00,2021-05-14 20:00:00,410,500,8,2,-,2021-05-09 11:23:00,2021-05-09 15:54:00,-4,-10,27,717,M2M_CATALOG,2.9625,525.9637834036569
05/07/2021 04:00,29/06/2021 10:53,-,2021-07-05 01:41:00,2021-07-05 04:00:00,2021-07-06 02:00:00,340,350,7,2,-,2021-06-29 10:53:00,2021-06-29 18:23:00,-1,-10,11,275,M2M_CATALOG,5.4006944444444445,288.51247267583904
27/08/2021 12:00,23/08/2021 06:36,-,2021-08-27 01:14:00,2021-08-27 12:00:00,2021-08-28 15:00:00,380,420,12,2,-,2021-08-23 06:36:00,2021-08-23 14:36:00,11,-1,35,393,M2M_CATALOG,3.8916666666666666,400.3857066381156
28/11/2021 10:00,24/11/2021 14:09,-,2021-11-27 22:51:00,2021-11-28 10:00:00,2021-11-29 02:00:00,370,400,10,2,-,2021-11-24 14:09:00,2021-11-24 19:47:00,-16,-3,31,561,M2M_CATALOG,3.592361111111111,433.7447322636768
02/02/2022 16:00,29/01/2022 23:36,-,2022-02-01 22:20:00,2022-02-02 16:00:00,2022-02-03 11:00:00,460,500,14,2,-,2022-01-29 23:36:00,2022-01-30 03:56:00,3,-9,45,628,M2M_CATALOG,3.5027777777777778,444.83772799365585
13/03/2022 21:00,10/03/2022 19:23,-,2022-03-13 10:47:00,2022-03-13 21:00:00,2022-03-15 19:00:00,410,540,15,2,-,2022-03-10 19:23:00,2022-03-11 01:06:00,16,10,61,677,M2M_CATALOG,2.8291666666666666,550.75147275405
07/04/2022 13:00,03/04/2022 16:38,-,2022-04-06 23:18:00,2022-04-07 13:00:00,2022-04-08 22:00:00,380,430,8,0,-,2022-04-03 16:38:00,2022-04-03 21:19:00,-4,22,35,702,M2M_CATALOG,3.6534722222222222,426.48954571374264
07/07/2022 12:00,03/07/2022 03:09,-,2022-07-07 09:00:00,2022-07-07 12:00:00,2022-07-08 08:00:00,380,400,19,2,-,2022-07-03 03:09:00,2022-07-03 14:09:00,6,-2,30,247,M2M_CATALOG,3.9104166666666664,398.4659030367608
19/07/2022 05:00,15/07/2022 15:23,-,2022-07-18 21:19:00,2022-07-19 05:00:00,2022-07-20 11:00:00,440,490,10,2,-,2022-07-15 15:23:00,2022-07-15 23:33:00,21,12,41,539,M2M_CATALOG,3.2270833333333333,482.84086507424144
20/08/2022 08:00,17/08/2022 14:53,-,2022-08-19 17:31:00,2022-08-20 08:00:00,2022-08-20 18:00:00,490,700,5,1,-,2022-08-17 14:53:00,2022-08-17 19:26:00,-26,18,49,767,M2M_CATALOG,2.5236111111111112,617.4357457347276
04/01/2023 02:00,30/12/2022 16:53,-,2023-01-03 21:00:00,2023-01-04 02:00:00,2023-01-05 22:00:00,380,430,18,2,-,2022-12-30 16:53:00,2022-12-31 00:31:00,-24,14,32,452,M2M_CATALOG,4.061805555555556,383.61454949564023
27/02/2023 20:00,25/02/2023 19:38,-,2023-02-27 10:00:00,2023-02-27 20:00:00,2023-02-28 17:00:00,650,820,10,0,-,2023-02-25 19:38:00,2023-02-25 23:23:00,10,48,58,920,M2M_CATALOG,1.8590277777777777,838.162682106836
15/03/2023 21:00,13/03/2023 10:53,-,2023-03-15 04:27:00,2023-03-15 21:00:00,2023-03-17 07:00:00,490,570,7,0,-,2023-03-13 10:53:00,2023-03-13 15:25:00,31,31,39,750,M2M_CATALOG,2.232638888888889,697.9040435458788
23/03/2023 14:00,20/03/2023 14:42,-,2023-03-23 05:00:00,2023-03-23 14:00:00,2023-03-24 07:00:00,450,490,20,2,-,2023-03-20 14:42:00,2023-03-20 19:41:00,27,-40,45,749,M2M_CATALOG,2.7631944444444443,563.9008544860518
24/04/2023 01:00,21/04/2023 18:12,-,2023-04-23 17:38:00,2023-04-24 01:00:00,2023-04-25 19:00:00,520,680,17,2,-,2023-04-21 18:12:00,2023-04-21 21:09:00,-13,19,43,1204,M2M_CATALOG,2.160416666666667,721.2348119575698
07/07/2023 12:00,04/07/2023 04:36,-,2023-07-07 12:00:00,2023-07-07 12:00:00,2023-07-08 15:00:00,450,500,6,0,-,2023-07-04 04:36:00,2023-07-04 10:30:00,-22,-14,45,635,M2M_CATALOG,3.0625,508.7894557823129
02/09/2023 20:00,30/08/2023 22:12,-,2023-09-02 04:34:00,2023-09-02 20:00:00,2023-09-04 00:00:00,490,720,7,0,-,2023-08-30 22:12:00,2023-08-31 01:54:00,6,-7,45,729,M2M_CATALOG,2.7541666666666664,565.749243570348
25/09/2023 09:00,22/09/2023 22:24,-,2023-09-24 20:43:00,2023-09-25 09:00:00,2023-09-26 11:00:00,440,480,19,2,-,2023-09-22 22:24:00,2023-09-23 02:46:00,-12,2,19,786,M2M_CATALOG,2.2597222222222224,689.5394898586355
06/10/2023 16:00,02/10/2023 18:24,-,2023-10-05 22:25:00,2023-10-06 16:00:00,2023-10-07 18:00:00,370,490,6,0,-,2023-10-02 18:24:00,2023-10-03 01:32:00,0,-20,29,467,M2M_CATALOG,3.602777777777778,432.49065150346956
12/11/2023 12:00,09/11/2023 12:23,-,2023-11-12 06:13:00,2023-11-12 12:00:00,2023-11-13 17:00:00,460,570,8,1,-,2023-11-09 12:23:00,2023-11-09 16:01:00,14,10,45,782,M2M_CATALOG,2.832638888888889,550.076366756558
