ICME,CME,-,Disturbance_Time,ICME_Start_Time,ICME_End_Time,V_ICME,V_max,B,MC,- ,CME_Time,Time_21.5,lat,lon,Ang_rad,V,cat
18/02/2011 19:00,15/02/2011 02:25,-,2011/02/18 0130,18/02/2011 19:00,20/02/2011 08:00,470,600,10,1,-,15/02/2011 02:25,15/02/2011 06:25,-20,15,35,920,M2M_CATALOG
05/06/2011 02:00,02/06/2011 07:40,-,2011/06/04 2045,05/06/2011 02:00,05/06/2011 19:00,510,560,12,2,-,02/06/2011 07:40,02/06/2011 11:25,-5,-30,30,950,M2M_CATALOG
17/06/2011 05:00,14/06/2011 08:10,-,2011/06/17 0241,17/06/2011 05:00,17/06/2011 13:00,500,550,9,1,-,14/06/2011 08:10,14/06/2011 12:45,5,-45,43,830,M2M_CATALOG
06/08/2011 22:00,04/08/2011 04:10,-,2011/08/05 1751,06/08/2011 22:00,07/08/2011 22:00,540,610,4,1,-,04/08/2011 04:10,04/08/2011 05:45,14,40,60,1950,M2M_CATALOG
10/09/2011 03:00,06/09/2011 22:40,-,2011/09/09 1242,10/09/2011 03:00,10/09/2011 15:00,470,530,14,2,-,06/09/2011 22:40,07/09/2011 03:50,20,20,30,650,M2M_CATALOG
16/09/2011 19:00,14/09/2011 01:54,-,2011/09/16 1900,16/09/2011 19:00,17/09/2011 05:00,390,420,4,0,-,14/09/2011 01:54,14/09/2011 05:30,21,38,46,600,M2M_CATALOG
17/09/2011 14:00,14/09/2011 01:54,-,2011/09/17 0343,17/09/2011 14:00,18/09/2011 06:00,430,590,11,2,-,14/09/2011 01:54,14/09/2011 05:30,21,38,46,600,M2M_CATALOG
22/09/2011 15:00,19/09/2011 06:54,-,2011/09/22 0300,22/09/2011 15:00,23/09/2011 03:00,390,420,5,1,-,19/09/2011 06:54,19/09/2011 10:44,22,-48,56,720,M2M_CATALOG
26/09/2011 20:00,24/09/2011 13:09,-,2011/09/26 1234,26/09/2011 20:00,28/09/2011 15:00,580,700,7,0,-,24/09/2011 13:09,24/09/2011 14:46,12,-45,50,1507,M2M_CATALOG
13/11/2011 10:00,09/11/2011 13:39,-,2011/11/12 0559,13/11/2011 10:00,15/11/2011 02:00,370,460,5,1,-,09/11/2011 13:39,09/11/2011 16:20,24,-35,38,1150,M2M_CATALOG
29/11/2011 00:00,26/11/2011 07:12,-,2011/11/28 2150,29/11/2011 00:00,29/11/2011 08:00,450,510,15,2,-,26/11/2011 07:12,26/11/2011 11:30,23,45,72,930,M2M_CATALOG
22/01/2012 23:00,19/01/2012 15:10,-,2012/01/22 0611,22/01/2012 23:00,23/01/2012 07:00,450,460,9,2,-,19/01/2012 15:10,19/01/2012 18:34,46,-21,69,1020,M2M_CATALOG
14/02/2012 21:00,10/02/2012 12:25,-,2012/02/14 0700,14/02/2012 21:00,16/02/2012 06:00,370,400,9,1,-,10/02/2012 12:25,10/02/2012 12:25,4,-19,36,301,M2M_CATALOG
27/02/2012 19:00,24/02/2012 03:46,-,2012/02/26 2139,27/02/2012 19:00,28/02/2012 16:00,440,490,13,2,-,24/02/2012 03:46,24/02/2012 07:40,32,-12,55,815,M2M_CATALOG
15/03/2012 17:00,13/03/2012 17:52,-,2012/03/15 1306,15/03/2012 17:00,16/03/2012 10:00,680,760,9,1,-,13/03/2012 17:52,13/03/2012 18:55,25,43,60,2250,M2M_CATALOG
16/06/2012 23:00,14/06/2012 14:09,-,2012/06/16 2019,16/06/2012 23:00,17/06/2012 12:00,440,510,28,2,-,14/06/2012 14:09,14/06/2012 16:35,-20,-9,50,1364,M2M_CATALOG
09/07/2012 00:00,04/07/2012 17:24,-,2012/07/08 0800,09/07/2012 00:00,09/07/2012 14:00,410,450,12,2,-,04/07/2012 17:24,05/07/2012 02:07,-7,25,31,535,M2M_CATALOG
05/09/2012 06:00,02/09/2012 03:09,-,2012/09/04 2245,05/09/2012 06:00,05/09/2012 18:00,500,540,10,2,-,02/09/2012 03:09,02/09/2012 08:10,10,3,30,730,M2M_CATALOG
06/09/2012 02:00,02/09/2012 03:09,-,2012/09/06 0200,06/09/2012 02:00,06/09/2012 15:00,420,420,10,2,-,02/09/2012 03:09,02/09/2012 08:10,10,3,30,730,M2M_CATALOG
08/10/2012 18:00,05/10/2012 03:24,-,2012/10/08 0516,08/10/2012 18:00,09/10/2012 12:00,390,420,16,2,-,05/10/2012 03:24,05/10/2012 09:15,-28,10,47,650,M2M_CATALOG
13/11/2012 08:00,09/11/2012 15:24,-,2012/11/12 2311,13/11/2012 08:00,14/11/2012 03:00,380,460,21,2,-,09/11/2012 15:24,09/11/2012 20:55,-13,-11,27,570,M2M_CATALOG
17/01/2013 16:00,13/01/2013 07:24,-,2013/01/17 1600,17/01/2013 16:00,18/01/2013 12:00,390,400,12,2,-,13/01/2013 07:24,13/01/2013 19:18,3,12,31,447,M2M_CATALOG
19/01/2013 00:00,15/01/2013 08:24,-,2013/01/18 1237,19/01/2013 00:00,19/01/2013 17:00,430,460,5,1,-,15/01/2013 08:24,15/01/2013 16:00,-20,10,30,450,M2M_CATALOG
14/02/2013 08:00,09/02/2013 07:30,-,2013/02/13 1700,14/02/2013 08:00,16/02/2013 14:00,360,400,4,0,-,09/02/2013 07:30,09/02/2013 10:55,28,3,32,825,M2M_CATALOG
17/03/2013 15:00,15/03/2013 06:54,-,2013/03/17 0559,17/03/2013 15:00,19/03/2013 16:00,520,720,9,2,-,15/03/2013 06:54,15/03/2013 09:03,-3,-2,66,1485,M2M_CATALOG
20/03/2013 18:00,17/03/2013 16:00,-,2013/03/20 1700,20/03/2013 18:00,20/03/2013 22:00,520,640,9,1,-,17/03/2013 16:00,17/03/2013 23:37,33,9,35,520,M2M_CATALOG
14/04/2013 17:00,11/04/2013 07:36,-,2013/04/13 2254,14/04/2013 17:00,15/04/2013 23:00,410,520,9,2,-,11/04/2013 07:36,11/04/2013 12:15,-7,-25,58,675,M2M_CATALOG
06/06/2013 14:00,02/06/2013 20:24,-,2013/06/06 0255,06/06/2013 14:00,08/06/2013 00:00,430,510,11,2,-,02/06/2013 20:24,03/06/2013 06:30,-10,-31,30,300,M2M_CATALOG
08/06/2013 10:00,02/06/2013 20:24,-,2013/06/08 0600,08/06/2013 10:00,08/06/2013 20:00,430,450,3,1,-,02/06/2013 20:24,03/06/2013 06:30,-10,-31,30,300,M2M_CATALOG
05/07/2013 01:00,30/06/2013 02:24,-,2013/07/05 0100,05/07/2013 01:00,07/07/2013 16:00,350,370,10,2,-,30/06/2013 02:24,30/06/2013 02:24,8,1,35,440,M2M_CATALOG
13/07/2013 05:00,09/07/2013 15:09,-,2013/07/12 1714,13/07/2013 05:00,15/07/2013 00:00,430,500,13,2,-,09/07/2013 15:09,09/07/2013 20:34,2,-10,40,600,M2M_CATALOG
25/08/2013 03:00,21/08/2013 05:09,-,2013/08/24 0003(S),25/08/2013 03:00,26/08/2013 03:00,400,520,4,1,-,21/08/2013 05:09,21/08/2013 10:14,10,-2,40,610,M2M_CATALOG
09/10/2013 09:00,06/10/2013 14:39,-,2013/10/08 2020,09/10/2013 09:00,11/10/2013 00:00,480,650,6,0,-,06/10/2013 14:39,06/10/2013 18:19,-15,6,25,790,M2M_CATALOG
21/02/2014 02:00,18/02/2014 01:25,-,2014/02/20 0318,21/02/2014 02:00,22/02/2014 12:00,490,690,6,0,-,18/02/2014 01:25,18/02/2014 05:29,-28,-49,63,851,M2M_CATALOG
18/04/2014 19:00,14/04/2014 13:24,-,2014/04/18 1900,18/04/2014 19:00,20/04/2014 00:00,490,500,8,0,-,14/04/2014 13:24,14/04/2014 19:44,-29,-4,29,396,M2M_CATALOG
20/04/2014 01:00,17/04/2014 01:25,-,2014/04/19 1836,20/04/2014 01:00,20/04/2014 12:00,510,530,5,1,-,17/04/2014 01:25,17/04/2014 12:37,-34,26,45,202,M2M_CATALOG
21/04/2014 07:00,17/04/2014 01:25,-,2014/04/20 1056,21/04/2014 07:00,22/04/2014 09:00,540,700,6,1,-,17/04/2014 01:25,17/04/2014 12:37,-34,26,45,202,M2M_CATALOG
19/08/2014 16:00,15/08/2014 21:12,-,2014/08/19 0657,19/08/2014 16:00,21/08/2014 05:00,360,440,17,2,-,15/08/2014 21:12,16/08/2014 01:36,12,5,39,676,M2M_CATALOG
12/09/2014 22:00,10/09/2014 18:18,-,2014/09/12 1553,12/09/2014 22:00,14/09/2014 02:00,600,720,20,2,-,10/09/2014 18:18,10/09/2014 20:00,15,10,45,1400,M2M_CATALOG
28/03/2015 11:00,22/03/2015 19:36,-,2015/03/28 0000,28/03/2015 11:00,29/03/2015 11:00,390,420,13,2,-,22/03/2015 19:36,23/03/2015 09:49,14,20,27,236,M2M_CATALOG
09/04/2015 11:00,06/04/2015 20:36,-,2015/04/09 1011,09/04/2015 11:00,09/04/2015 22:00,380,390,12,0,-,06/04/2015 20:36,06/04/2015 23:03,-9,-15,22,917,M2M_CATALOG
10/04/2015 13:00,06/04/2015 20:36,-,2015/04/10 0000,10/04/2015 13:00,11/04/2015 09:00,380,450,13,2,-,06/04/2015 20:36,06/04/2015 23:03,-9,-15,22,917,M2M_CATALOG
07/05/2015 21:00,02/05/2015 21:36,-,2015/05/07 2100,07/05/2015 21:00,09/05/2015 04:00,390,400,6,0,-,02/05/2015 21:36,03/05/2015 08:50,-32,-31,50,296,M2M_CATALOG
10/05/2015 12:00,06/05/2015 17:00,-,2015/05/10 1200,10/05/2015 12:00,11/05/2015 02:00,370,400,11,2,-,06/05/2015 17:00,06/05/2015 23:26,-11,26,29,576,M2M_CATALOG
18/05/2015 20:00,13/05/2015 18:48,-,2015/05/18 1900,18/05/2015 20:00,19/05/2015 02:00,460,480,16,2,-,13/05/2015 18:48,14/05/2015 03:55,37,7,37,354,M2M_CATALOG
23/06/2015 02:00,21/06/2015 02:48,-,2015/06/22 1833,23/06/2015 02:00,24/06/2015 14:00,610,740,14,1,-,21/06/2015 02:48,21/06/2015 05:01,7,-8,47,1250,M2M_CATALOG
25/06/2015 10:00,22/06/2015 18:36,-,2015/06/24 1329,25/06/2015 10:00,26/06/2015 06:00,550,720,5,0,-,22/06/2015 18:36,22/06/2015 21:10,14,3,45,1155,M2M_CATALOG
13/07/2015 06:00,08/07/2015 09:12,-,2015/07/13 0138,13/07/2015 06:00,14/07/2015 15:00,490,650,8,0,-,08/07/2015 09:12,08/07/2015 19:32,13,27,40,329,M2M_CATALOG
15/08/2015 21:00,12/08/2015 15:12,-,2015/08/15 0829,15/08/2015 21:00,16/08/2015 08:00,500,510,12,1,-,12/08/2015 15:12,12/08/2015 21:22,-22,36,41,567,M2M_CATALOG
21/09/2015 08:00,18/09/2015 05:00,-,2015/09/20 0604,21/09/2015 08:00,22/09/2015 01:00,510,600,5,0,-,18/09/2015 05:00,18/09/2015 09:37,-26,7,38,744,M2M_CATALOG
25/10/2015 14:00,22/10/2015 03:12,-,2015/10/24 1854,25/10/2015 14:00,27/10/2015 04:00,430,490,7,1,-,22/10/2015 03:12,22/10/2015 07:09,-13,37,43,861,M2M_CATALOG
07/11/2015 06:00,04/11/2015 14:24,-,2015/11/06 1818,07/11/2015 06:00,08/11/2015 16:00,500,680,13,2,-,04/11/2015 14:24,04/11/2015 19:30,-6,18,50,780,M2M_CATALOG
31/12/2015 17:00,28/12/2015 12:39,-,2015/12/31 0050,31/12/2015 17:00,02/01/2016 11:00,440,480,10,2,-,28/12/2015 12:39,28/12/2015 16:43,-15,14,58,850,M2M_CATALOG
19/01/2016 10:00,15/01/2016 00:00,-,2016/01/18 2157,19/01/2016 10:00,21/01/2016 00:00,370,400,14,2,-,15/01/2016 00:00,15/01/2016 11:43,-30,31,45,483,M2M_CATALOG
02/08/2016 14:00,28/07/2016 22:24,-,2016/08/02 1400,02/08/2016 14:00,03/08/2016 03:00,420,460,20,2,-,28/07/2016 22:24,29/07/2016 08:50,7,10,45,350,M2M_CATALOG
13/10/2016 06:00,08/10/2016 21:09,-,2016/10/12 2212,13/10/2016 06:00,14/10/2016 16:00,390,460,19,2,-,08/10/2016 21:09,09/10/2016 15:56,10,-22,37,243,M2M_CATALOG
10/11/2016 00:00,05/11/2016 04:48,-,2016/11/09 0604,10/11/2016 00:00,10/11/2016 16:00,360,370,11,2,-,05/11/2016 04:48,05/11/2016 12:17,23,26,35,487,M2M_CATALOG
27/05/2017 22:00,23/05/2017 05:00,-,2017/05/27 1534,27/05/2017 22:00,29/05/2017 14:00,360,390,16,2,-,23/05/2017 05:00,23/05/2017 15:27,-7,12,26,375,M2M_CATALOG
09/03/2018 22:00,05/03/2018 23:39,-,2018/03/09 1809,09/03/2018 22:00,11/03/2018 00:00,410,450,14,2,-,05/03/2018 23:39,06/03/2018 09:54,-12,-12,29,386,M2M_CATALOG
10/07/2018 12:00,05/07/2018 04:39,-,2018/07/10 1200,10/07/2018 12:00,11/07/2018 11:00,330,360,9,2,-,05/07/2018 04:39,05/07/2018 22:56,-5,-10,22,260,M2M_CATALOG
25/08/2018 12:00,20/08/2018 21:24,-,2018/08/25 0200,25/08/2018 12:00,26/08/2018 12:00,410,440,16,2,-,20/08/2018 21:24,21/08/2018 18:06,10,0,19,309,M2M_CATALOG
14/05/2019 06:00,10/05/2019 19:09,-,2019/05/13 2326,14/05/2019 06:00,15/05/2019 16:00,470,560,8,2,-,10/05/2019 19:09,11/05/2019 02:31,-5,10,24,471,M2M_CATALOG
16/05/2019 23:00,13/05/2019 16:09,-,2019/05/16 2100,16/05/2019 23:00,18/05/2019 08:00,450,480,6,1,-,13/05/2019 16:09,13/05/2019 21:49,-13,10,27,594,M2M_CATALOG
29/10/2019 20:00,25/10/2019 05:54,-,2019/10/29 2000,29/10/2019 20:00,30/10/2019 21:00,380,410,10,2,-,25/10/2019 05:54,25/10/2019 20:56,-5,3,17,262,M2M_CATALOG
20/04/2020 09:00,14/04/2020 21:54,-,2020/04/20 0231,20/04/2020 09:00,21/04/2020 04:00,330,360,15,2,-,14/04/2020 21:54,15/04/2020 15:51,-1,31,30,232,M2M_CATALOG
10/12/2020 23:00,07/12/2020 16:24,-,2020/12/10 0210,10/12/2020 23:00,13/12/2020 04:00,440,570,5,0,-,07/12/2020 16:24,07/12/2020 18:49,-21,12,41,1383,M2M_CATALOG
23/02/2021 08:00,20/02/2021 11:36,-,2021/02/23 0200,23/02/2021 08:00,24/02/2021 15:00,510,590,5,0,-,20/02/2021 11:36,20/02/2021 18:33,-18,-31,50,680,M2M_CATALOG
12/05/2021 15:00,09/05/2021 11:23,-,2021/05/12 0637,12/05/2021 15:00,14/05/2021 20:00,410,500,8,2,-,09/05/2021 11:23,09/05/2021 15:54,-4,-10,27,717,M2M_CATALOG
05/07/2021 04:00,29/06/2021 10:53,-,2021/07/05 0141,05/07/2021 04:00,06/07/2021 02:00,340,350,7,2,-,29/06/2021 10:53,29/06/2021 18:23,-1,-10,11,275,M2M_CATALOG
27/08/2021 12:00,23/08/2021 06:36,-,2021/08/27 0114,27/08/2021 12:00,28/08/2021 15:00,380,420,12,2,-,23/08/2021 06:36,23/08/2021 14:36,11,-1,35,393,M2M_CATALOG
27/09/2021 00:00,22/09/2021 07:53,-,2021/09/27 0000,27/09/2021 00:00,27/09/2021 21:00,390,400,10,2,-,22/09/2021 07:53,22/09/2021 19:33,-17,15,38,287,M2M_CATALOG
01/10/2021 11:00,28/09/2021 07:00,-,2021/10/01 1000,01/10/2021 11:00,02/10/2021 13:00,480,560,11,2,-,28/09/2021 07:00,28/09/2021 12:13,-17,43,45,649,M2M_CATALOG
28/11/2021 10:00,24/11/2021 14:09,-,2021/11/27 2251,28/11/2021 10:00,29/11/2021 02:00,370,400,10,2,-,24/11/2021 14:09,24/11/2021 19:47,-16,-3,31,561,M2M_CATALOG
02/02/2022 16:00,29/01/2022 23:36,-,2022/02/01 2220,02/02/2022 16:00,03/02/2022 11:00,460,500,14,2,-,29/01/2022 23:36,30/01/2022 03:56,3,-9,45,628,M2M_CATALOG
13/03/2022 21:00,10/03/2022 19:23,-,2022/03/13 1047,13/03/2022 21:00,15/03/2022 19:00,410,540,15,2,-,10/03/2022 19:23,11/03/2022 01:06,16,10,61,677,M2M_CATALOG
07/04/2022 13:00,03/04/2022 16:38,-,2022/04/06 2318,07/04/2022 13:00,08/04/2022 22:00,380,430,8,0,-,03/04/2022 16:38,03/04/2022 21:19,-4,22,35,702,M2M_CATALOG
13/04/2022 02:00,09/04/2022 09:12,-,2022/04/12 1122,13/04/2022 02:00,13/04/2022 22:00,460,510,11,2,-,09/04/2022 09:12,09/04/2022 20:27,-32,19,35,422,M2M_CATALOG
14/04/2022 13:00,11/04/2022 06:00,-,2022/04/14 0900,14/04/2022 13:00,15/04/2022 02:00,520,550,18,2,-,11/04/2022 06:00,11/04/2022 11:45,-6,2,46,553,M2M_CATALOG
07/07/2022 12:00,03/07/2022 03:09,-,2022/07/07 0900,07/07/2022 12:00,08/07/2022 08:00,380,400,19,2,-,03/07/2022 03:09,03/07/2022 14:09,6,-2,30,247,M2M_CATALOG
19/07/2022 05:00,15/07/2022 15:23,-,2022/07/18 2119,19/07/2022 05:00,20/07/2022 11:00,440,490,10,2,-,15/07/2022 15:23,15/07/2022 23:33,21,12,41,539,M2M_CATALOG
20/08/2022 08:00,17/08/2022 14:53,-,2022/08/19 1731,20/08/2022 08:00,20/08/2022 18:00,490,700,5,1,-,17/08/2022 14:53,17/08/2022 19:26,-26,18,49,767,M2M_CATALOG
04/01/2023 02:00,30/12/2022 16:53,-,2023/01/03 2100,04/01/2023 02:00,05/01/2023 22:00,380,430,18,2,-,30/12/2022 16:53,31/12/2022 00:31,-24,14,32,452,M2M_CATALOG
27/02/2023 20:00,25/02/2023 19:38,-,2023/02/27 1000,27/02/2023 20:00,28/02/2023 17:00,650,820,10,0,-,25/02/2023 19:38,25/02/2023 23:23,10,48,58,920,M2M_CATALOG
15/03/2023 21:00,13/03/2023 10:53,-,2023/03/15 0427,15/03/2023 21:00,17/03/2023 07:00,490,570,7,0,-,13/03/2023 10:53,13/03/2023 15:25,31,31,39,750,M2M_CATALOG
23/03/2023 14:00,20/03/2023 14:42,-,2023/03/23 0500,23/03/2023 14:00,24/03/2023 07:00,450,490,20,2,-,20/03/2023 14:42,20/03/2023 19:41,27,-40,45,749,M2M_CATALOG
24/04/2023 01:00,21/04/2023 18:12,-,2023/04/23 1738,24/04/2023 01:00,25/04/2023 19:00,520,680,17,2,-,21/04/2023 18:12,21/04/2023 21:09,-13,19,43,1204,M2M_CATALOG
10/05/2023 12:00,07/05/2023 23:12,-,2023/05/09 2250,10/05/2023 12:00,12/05/2023 06:00,550,660,6,0,-,07/05/2023 23:12,08/05/2023 01:24,11,14,44,1494,M2M_CATALOG
12/05/2023 12:00,09/05/2023 19:00,-,2023/05/12 0633,12/05/2023 12:00,13/05/2023 21:00,480,580,7,0,-,09/05/2023 19:00,09/05/2023 21:05,11,26,45,1651,M2M_CATALOG
07/07/2023 12:00,04/07/2023 04:36,-,2023/07/07 1200,07/07/2023 12:00,08/07/2023 15:00,450,500,6,0,-,04/07/2023 04:36,04/07/2023 10:30,-22,-14,45,635,M2M_CATALOG
14/07/2023 20:00,10/07/2023 04:00,-,2023/07/14 1611,14/07/2023 20:00,15/07/2023 10:00,380,430,12,1,-,10/07/2023 04:00,10/07/2023 07:48,-10,37,45,901,M2M_CATALOG
17/07/2023 20:00,14/07/2023 19:10,-,2023/07/16 1922,17/07/2023 20:00,19/07/2023 04:00,500,570,6,1,-,14/07/2023 19:10,14/07/2023 22:24,-18,2,40,934,M2M_CATALOG
02/09/2023 20:00,30/08/2023 22:12,-,2023/09/02 0434,02/09/2023 20:00,04/09/2023 00:00,490,720,7,0,-,30/08/2023 22:12,31/08/2023 01:54,6,-7,45,729,M2M_CATALOG
18/09/2023 02:00,14/09/2023 23:12,-,2023/09/17 0234,18/09/2023 02:00,19/09/2023 00:00,430,480,10,1,-,14/09/2023 23:12,15/09/2023 06:11,-3,-33,42,466,M2M_CATALOG
19/09/2023 08:00,16/09/2023 09:12,-,2023/09/18 1331,19/09/2023 08:00,21/09/2023 10:00,510,640,6,0,-,16/09/2023 09:12,16/09/2023 16:00,2,30,45,523,M2M_CATALOG
25/09/2023 09:00,22/09/2023 22:24,-,2023/09/24 2043,25/09/2023 09:00,26/09/2023 11:00,440,480,19,2,-,22/09/2023 22:24,23/09/2023 02:46,-12,2,19,786,M2M_CATALOG
06/10/2023 16:00,02/10/2023 18:24,-,2023/10/05 2225,06/10/2023 16:00,07/10/2023 18:00,370,490,6,0,-,02/10/2023 18:24,03/10/2023 01:32,0,-20,29,467,M2M_CATALOG
12/11/2023 12:00,09/11/2023 12:23,-,2023/11/12 0613,12/11/2023 12:00,13/11/2023 17:00,460,570,8,1,-,09/11/2023 12:23,09/11/2023 16:01,14,10,45,782,M2M_CATALOG