Angular_Width,35.0,30.0,43.0,60.0,30.0,46.0,46.0,56.0,50.0,38.0,72.0,69.0,36.0,55.0,60.0,50.0,31.0,30.0,30.0,47.0,27.0,31.0,30.0,32.0,66.0,35.0,58.0,30.0,30.0,35.0,40.0,40.0,25.0,63.0,29.0,45.0,45.0,39.0,45.0,27.0,22.0,22.0,50.0,29.0,37.0,47.0,45.0,40.0,41.0,38.0,43.0,50.0,58.0,45.0,45.0,37.0,35.0,26.0,29.0,22.0,19.0,24.0,27.0,17.0,30.0,41.0,50.0,27.0,11.0,35.0,38.0,45.0,31.0,45.0,61.0,35.0,35.0,46.0,30.0,41.0,49.0,32.0,58.0,39.0,45.0,43.0,44.0,45.0,45.0,45.0,40.0,45.0,42.0,45.0,19.0,29.0,45.0
Velocity,920.0,950.0,830.0,1950.0,650.0,600.0,600.0,720.0,1507.0,1150.0,930.0,1020.0,301.0,815.0,2250.0,1364.0,535.0,730.0,730.0,650.0,570.0,447.0,450.0,825.0,1485.0,520.0,675.0,300.0,300.0,440.0,600.0,610.0,790.0,851.0,396.0,202.0,202.0,676.0,1400.0,236.0,917.0,917.0,296.0,576.0,354.0,1250.0,1155.0,329.0,567.0,744.0,861.0,780.0,850.0,483.0,350.0,243.0,487.0,375.0,386.0,260.0,309.0,471.0,594.0,262.0,232.0,1383.0,680.0,717.0,275.0,393.0,287.0,649.0,561.0,628.0,677.0,702.0,422.0,553.0,247.0,539.0,767.0,452.0,920.0,750.0,749.0,1204.0,1494.0,1651.0,635.0,901.0,934.0,729.0,466.0,523.0,786.0,467.0,782.0
Observed,470.0,510.0,500.0,540.0,470.0,390.0,430.0,390.0,580.0,370.0,450.0,450.0,370.0,440.0,680.0,440.0,410.0,500.0,420.0,390.0,380.0,390.0,430.0,360.0,520.0,520.0,410.0,430.0,430.0,350.0,430.0,400.0,480.0,490.0,490.0,510.0,540.0,360.0,600.0,390.0,380.0,380.0,390.0,370.0,460.0,610.0,550.0,490.0,500.0,510.0,430.0,500.0,440.0,370.0,420.0,390.0,360.0,360.0,410.0,330.0,410.0,470.0,450.0,380.0,330.0,440.0,510.0,410.0,340.0,380.0,390.0,480.0,370.0,460.0,410.0,380.0,460.0,520.0,380.0,440.0,490.0,380.0,650.0,490.0,450.0,520.0,550.0,480.0,450.0,380.0,500.0,490.0,430.0,510.0,440.0,370.0,460.0
Spheroidal,468.19820913422745,,,625.9800253942252,425.2204022835907,443.0810628371613,443.0810628371613,487.2489355556458,380.53125221137157,,511.2527427030489,487.85802130664416,377.2545223238712,473.04643122002255,493.87339511775406,485.3269096371686,470.96489175453826,402.49838803568997,402.49838803568997,384.81570275249805,436.9854696432282,485.58275323580784,366.51279452507794,465.4473716996558,522.9302677103534,414.26199255201993,551.6487278030658,,,505.07334906346443,405.0206893339143,524.2063096176443,443.7652643161391,490.52371110663717,,331.1045252260206,331.1045252260206,402.58260178000046,394.7995256122614,427.59742095359036,373.20891610726983,373.20891610726983,347.2012495905548,353.0807305791461,,425.67829878208784,490.3307418594429,448.24716654441517,351.6556055215435,469.9828186381968,437.9371133162013,638.2101609472907,530.2044217290508,473.32596337981676,361.3684844210598,302.2124743272723,405.3823444207831,398.78619725896215,379.71732282812,313.92865382180895,336.78830043990655,354.1135033584307,382.71617557472143,413.6139645630903,457.8435312845452,445.71267689593645,621.834227779252,436.1055197721247,,460.99742493018323,358.82315386366884,363.3907570022415,472.2437921074367,461.72480502350595,582.1076951425104,435.474105902178,,403.59470131312986,305.97450713256256,579.5609463172616,642.7687384517127,391.73528589054285,515.3868652922691,,,507.56161660416063,476.7693498185751,441.5033210571401,413.33533635834294,481.07128437360467,508.75975586854736,490.1645538420716,533.9952617420541,473.8102340785384,349.20744696830513,382.80268713310346,427.50971628614894
v_1.0h,402.611174751679,,,525.7582601584488,429.8477794254839,409.4837938620436,409.4837938620436,405.09073829041154,301.61475869359515,,338.85565617687297,291.4577425706199,416.32906358574775,371.6577003563663,422.4629590657746,400.28033881722257,422.32251850931436,344.72736366678106,344.72736366678106,329.21296640767264,418.2258768393487,481.97200928719525,322.96353316209434,413.6848173800158,401.19097130922927,387.2424376773698,437.85571245805994,,,480.96937694942693,302.38304179517866,474.13303277759803,422.7536902835963,367.1515614560682,,373.6610977923137,373.6610977923137,348.4899505084576,322.5380417447766,353.5992287890637,333.24925686451127,333.24925686451127,345.14736954372603,327.61247710940063,,378.21985140052004,427.41778520888914,537.6810201783902,345.5953268535184,405.3789363119853,363.8579932951738,488.1375617320413,395.5374102848437,435.4478920929121,328.05693382831305,305.03533643452124,385.096985942437,368.23984801657184,332.29883198237656,309.8803579653934,325.1613009162251,314.7528109865088,342.5347266809119,471.7652131197645,443.8904477310054,341.9680166462436,546.3100035371084,405.2786726738815,,472.22948744253114,403.1955399504982,321.1088534802059,413.8584630362072,325.7426452480827,414.4789697533605,385.10122877029727,,319.9347049502297,319.9950981694856,507.71490473476393,537.6319504213529,392.60604724624733,369.28860143042647,,,408.37305798625937,386.28103169979437,367.7064782975093,372.56285454897204,471.24800778121664,438.07324506183227,417.7026708655691,525.02901890102,399.1635798245046,328.7747872864634,328.19805110342753,327.3842106338886
v_1.5h,414.6730914279689,,,535.5795326973049,428.5707599650193,408.79910937379657,408.79910937379657,409.86688805154193,309.64140905346926,,345.7449151635432,298.5157658679381,414.89891637075397,376.7597853978838,430.473003514951,405.32265031771635,426.15110487757084,351.7187477294161,351.7187477294161,330.0964397425657,419.1145240052173,482.02788266009406,326.050558168506,420.337393646895,403.96688547211414,389.5300498822366,444.51996259077896,,,482.8295622069879,313.11762473817856,472.27143812300955,425.1316983797329,371.4873137059881,,373.1000457771081,373.1000457771081,351.7667638870338,330.34593742878803,355.59727467669563,342.1888407395856,342.1888407395856,345.19064645234283,329.2431482656977,,383.3064716771559,437.82155856800927,540.6694664976632,345.6345366469965,409.37573921541133,370.99727829220967,504.2235707128155,402.33960999467814,437.0025015176007,327.46272910674276,304.3762218766319,385.9416916361487,370.49238632986317,336.5505039101044,310.0296614609677,325.9413176988601,317.06962727922945,347.3499819126215,465.33321182002635,442.9443876925716,354.97716836397456,550.6015658979105,406.9861976431249,,471.4346589811678,402.49071589770074,323.2226162217625,418.566836161027,339.4582443553587,426.3790989764721,388.6457589735069,,324.3921980331047,320.07932175990334,513.4352748426784,549.5601748128308,390.7876497949279,379.843751525971,,,420.07551219959385,403.2354712602554,379.47708498856497,372.44832749668814,469.9904008527871,443.7801174177576,420.26513573742574,526.7608651648887,400.2095440070418,331.8736321934218,331.18317924058783,328.5412874095926
v_2.0h,423.4463786112904,,,545.9435960688967,426.75701414828245,408.4262821667076,408.4262821667076,415.9616217748385,317.57888490431964,,351.9428651042899,304.7093962905427,413.31675201716786,380.78358534286457,438.930551869669,411.9664991223698,431.0411352444462,358.0145547338437,358.0145547338437,331.3361819771558,420.22398518606235,482.1212177585707,329.07943969809105,426.6689145289556,404.4078020736504,390.6240881611602,450.3732759984624,,,484.62696810095787,322.30606418359014,471.6846813021832,427.6531388658761,377.1840282214032,,373.6901324834353,373.6901324834353,355.0072826735185,338.35795036204746,358.23989900067266,350.606902522373,350.606902522373,345.2344246111644,330.95064520153096,,387.36531497579256,445.96205529852614,543.3324333047789,345.67562326816636,413.83313029682256,377.1673750950376,518.4348086086565,409.3788836536972,438.1991574743112,327.3206570858754,303.7663052722011,386.91914390069246,372.24800728448065,340.90581518937506,310.05053747471067,326.8938316397165,319.90274665900057,352.8735675677767,459.62322325350266,442.0456410271316,370.4988706933176,555.0477426924326,409.7747187514057,,470.59993286548,401.4942322116758,325.3439479790816,423.8251560460843,351.10125310295297,436.7059728944643,393.4921505927166,,328.0418164330821,320.1476117492442,520.4825886831309,561.7781359630718,389.18819549537335,389.95533088294553,,,431.2384553790495,417.84830920522734,392.7906466106407,373.03547979086056,469.4553110730699,449.74834856674204,424.46068860829,528.7923566930872,403.165017547701,335.7575174219713,333.8946056378752,333.98624904193645
v_2.5h,430.7255408627349,,,555.2915433053678,425.80434536909456,408.8409623352781,408.8409623352781,417.6119941013749,329.41407112826676,,357.5956272294557,312.60432959305774,411.992678890607,385.5789257316195,448.8916044729663,419.27576168884485,434.4738094974864,363.934048017338,363.934048017338,332.4804285034047,421.40215796512666,482.2470761775565,331.99111367889356,430.6844284319921,407.8905243929956,391.70215574952164,455.6533796756806,,,486.34693020578885,330.35963704393214,472.53712429309354,430.9343450077541,381.4094768717249,,374.61492403181774,374.61492403181774,358.1751001913052,346.39965112644023,361.4954405820846,358.56563012396015,358.56563012396015,345.2786873297121,333.5085018696821,,390.6104349860954,453.15223568610605,544.6843649716313,345.73035631348426,418.41180011291374,382.87746354681093,530.9084472800057,416.2924228825668,439.80257863425334,327.57903019224534,303.2269152518006,387.5278857585238,374.50284277572393,344.551879418981,310.21566210255924,327.8509572977789,322.39338301127674,355.89097009412285,454.69184869291405,441.19721360295534,385.2726386434539,560.4093255651986,412.5282904160287,,469.7324445520801,400.4245493792498,327.4437643038392,428.6702131564022,361.1798436860297,445.8393457678544,396.5448862569815,,331.4712934399117,320.2018201828456,526.8209653457818,571.6025922266049,387.85284108771367,399.3846818334792,,,439.74838684717355,430.2201855628201,404.4879666885496,374.18963243540844,470.0428068029389,454.7339698465961,428.98414820347483,529.7818528551728,405.59909576616815,340.8501122336356,338.89553813348783,340.5838702767039
v_3.0h,436.87038835163185,,,562.4855517668152,425.1909940948907,409.2838961189428,409.2838961189428,422.6178323423671,332.9482829897392,,361.8504954452612,320.49455686814684,410.333337542509,390.26912898486376,454.5227028343795,426.79213422983344,437.71476797117475,369.5608947015388,369.5608947015388,333.9220306195157,422.74739943977454,482.3964620731506,334.097650330284,436.4763099318484,414.1581784838346,394.942624903108,460.4837234197227,,,487.98312197254455,337.51792667497466,474.34327960658874,432.951107147996,385.6047836973649,,375.7838060997559,375.7838060997559,361.2770277656378,354.37032953308795,364.98404652366133,366.2055325218659,366.2055325218659,345.3232888748631,334.4154422931285,,393.4709299128798,459.5604653914452,544.3500506568785,345.75533498016824,423.13165388740686,388.31067817539525,541.9881871187048,422.9824271477172,441.42207268757426,328.1559580858456,302.761500634496,388.8518165932989,376.7029263444245,348.8793879031589,310.27511213731185,328.4474788621593,325.56291101398864,360.41816179694894,450.4994725911992,440.39671861580086,393.56403951144176,563.5764672807101,415.98872525092656,,468.8291939547966,399.7406066963213,329.50291736385725,432.38860108313406,370.0590851816616,454.0322488315267,401.35589509943827,,334.8637423415825,320.23044803248666,529.8811343409038,576.4412812547987,386.79671978375507,405.91894182057945,,,449.99435037076125,440.6976909660292,410.7339704696244,375.2061811344523,469.6813763200862,460.97845504919127,433.519299864153,530.4661479081116,409.7253714327933,344.0021119800002,341.92539031250976,347.38564615881
v_3.5h,442.44591948060736,,,569.2703701675314,424.3137044712544,410.04116140807366,410.04116140807366,427.1162921438339,343.93411456563626,,366.80210319179264,326.70163759417323,408.53912784085486,394.0386051913401,462.8920848430694,432.89808550489846,440.7801705084599,374.9495645579537,374.9495645579537,335.79671735073543,424.1739202549246,482.5611334956308,337.57420768196647,441.98081478098067,419.8348782359965,395.9104158430402,465.02593815894625,,,489.53397579040035,343.9332077648894,476.7148199939291,436.31354135095796,391.0542936911103,,376.8114727315586,376.8114727315586,364.35903869984094,362.16448402658045,369.24176354901084,370.8002657777061,370.8002657777061,345.3681129217119,337.0271837476713,,396.2986685271442,465.2893295051174,543.8753725559767,345.86907876760176,427.7995659296461,393.5382014747401,551.9454970185615,429.37881143185194,442.1302342819804,328.96568784541324,302.3763913262084,389.4877329331333,378.34652088537405,350.94689365022083,310.34402762934064,329.39490390977534,328.7807192017132,364.40367831607847,446.93252658030536,439.6768518695685,407.11031726874813,568.5949411252222,419.5816599190987,,467.8979471665866,398.53766666773936,331.5087330889837,435.9637540444116,377.9830466782431,461.50221764392944,405.92433735167083,,338.8829915886998,320.23441843580576,535.2645690822751,584.0780502714459,385.99875968962954,416.37194978344263,,,459.8748934780835,449.802064919408,420.04896469081643,376.8206259462292,470.7271577241687,467.16147706153606,437.8839674548314,530.866253695265,413.92016236454714,349.1993205624233,344.918428618374,354.0591058457199
v_4.0h,447.74619804096807,,,577.2247601011334,424.1108538358143,411.1070623966819,411.1070623966819,429.84620469123183,347.19455489991464,,371.5217255483454,334.26902836389297,406.7366715093828,397.6916166916378,467.5872720572205,440.46539858554354,444.655405591409,378.9657233426215,378.9657233426215,337.58568902067134,425.5963776005674,482.937654001228,339.5234901664559,447.2001875289234,425.68961421453594,396.8666722564936,468.4650840299214,,,491.0038238845878,349.73288209807424,479.45485296855,439.02852874962997,396.4234163787313,,377.99302067813244,377.99302067813244,367.36849827549986,368.1894892351912,373.7387555297061,377.81197649200516,377.81197649200516,345.4131275201896,338.79036123230384,,400.03437534143256,470.279749427076,541.5491452467201,346.01851809994673,432.38972725242627,396.77264162338827,560.9242289004637,435.5083714992105,443.7123022134851,329.9416499017659,302.03199030781064,390.5483970150413,380.4120059970927,354.4009011160356,310.55856667539996,330.326761330229,331.9957458518167,367.2910531370222,443.8064552992361,439.7415426585675,419.98860830194945,571.4394447279681,423.1811426775621,,466.9427077455871,397.26135445071714,335.5315822272713,440.28139451391127,386.4933029869322,469.6453827341761,409.4559126795932,,342.1974239679033,320.2193098004391,540.154807740827,590.8857529929656,385.4249426642849,422.07964262843893,,,469.3718221136981,456.34141539937104,428.31900496088883,378.6399397630236,470.53993244451306,473.19335758721826,442.8547307552976,531.281871200419,417.2254525994653,352.2850851558171,348.8437326830373,360.5973906727947
v_4.5h,452.6468812453103,,,582.9425047743507,423.7304578060605,412.101751735122,412.101751735122,432.5113568259644,353.70982214048905,,375.96619197919387,340.2110021258737,404.8182210054166,402.2123143815986,473.4975088075858,447.90853106382394,447.3573917367956,383.90480109106124,383.90480109106124,339.87733486366284,427.13695474637115,483.0961784054485,342.05654173358005,450.40423648372655,431.49287334387265,398.72110869278515,472.5413841874065,,,492.6514801066354,355.00968245163983,482.44317987662623,441.7197108567474,400.3050195352499,,379.0353822474823,379.0353822474823,370.3584266254391,375.585648945933,378.54710456848574,384.4865795191919,384.4865795191919,345.4582862268621,340.53458595733326,,403.5935737578378,474.69966019253013,539.5166294171298,346.1854160283406,436.92737962257576,401.66467761564365,569.0192419175902,441.34658444159805,445.2742218945122,331.2678357369011,301.7900208120166,391.51405949161847,382.0046320817048,356.68782875836223,310.64594305430245,331.0782557285862,335.1810247438103,369.93248508954827,441.5617722134907,439.1679750857387,429.4455323153061,575.0666407143848,426.19204179303057,,465.968889639059,396.14150573401844,337.38005544047087,443.6568136069088,392.8831907399939,475.88935497376747,412.74483295785706,,345.44929019244563,320.16254279782447,543.3241961412018,595.5070663654727,385.0351032462202,429.2182120912393,,,476.62284499014174,464.01016215730164,434.38846164290015,380.26733349688493,471.8016170133485,479.05254196902996,446.8028790066047,531.1086130691178,420.4244824013134,357.3168746212222,352.7831870490272,365.544567380709
v_5.0h,457.3622890033923,,,590.3629851936523,423.71044848484354,413.40660105236924,413.40660105236924,435.0321492319276,363.4238425575467,,380.25261027197826,347.4073652705569,403.2464923645603,405.8175466403486,480.2105689751834,455.27826230674196,449.91203890386015,388.62042435729046,388.62042435729046,341.8391554282412,428.64654337769457,483.2297051897262,343.8610872803951,455.2319547496114,437.3757616958797,399.60823299778076,476.42770058900356,,,493.9327775819117,359.8585294473387,486.25115856751563,444.47930167652373,405.329451067506,,379.99227989711386,379.99227989711386,373.2794245079834,382.6228743930989,383.71491526623834,390.8664632605452,390.8664632605452,345.50363344938177,342.26753985433237,,407.1999840826899,478.45433487233333,537.8496508793085,346.36890356912164,441.3442408388611,406.4218138201196,576.3903798919272,447.9488664093836,446.4524609244227,332.45678305566145,301.56260705143643,392.59353698010386,383.92486118024806,358.94791857738574,310.8899893105962,331.9723504914519,337.66620950716117,372.38893092248134,438.87877292784646,438.713358558571,441.18160015113557,579.446588690621,429.76590166091944,,465.17641199720447,394.72067451123075,339.17077604756554,447.73594121587246,398.75579725757206,481.6546777533634,415.94842079403077,,348.6413233911892,320.0797331078273,547.4862313380012,601.2118991210706,384.7853168112151,436.1652532264387,,,485.61291303800346,471.23141725049703,441.5033210571401,382.2392229542145,471.93052798041384,483.6290255388417,450.5193320173841,530.7176626811579,423.54790771991355,361.2457144259174,356.41895322820375,371.6551420322844
v_5.5h,461.80386027262847,,,598.5137518138569,423.9194685009359,414.82810281510694,414.82810281510694,438.8185506263941,366.1735827938917,,384.322320298222,352.87044204721104,401.2776402826157,410.2271361876857,484.0501595621975,462.5287388202705,453.37098902203275,393.1133288051445,393.1133288051445,343.9906379443091,430.2701593462164,483.3610740439949,346.9231576087531,459.7965831285812,443.28426822088386,400.4542031280873,480.12878078418174,,,495.1357416972794,365.1834556377512,489.5123320271835,447.7898033114438,408.95286512798515,,380.6651028069429,380.6651028069429,375.6031699005614,389.48087778566133,388.4144016253314,396.96036399359065,396.96036399359065,345.5275813740837,344.8462676817627,,411.1299387713513,482.3026578060083,534.6725127939266,346.5874795064242,445.62896958255493,411.03511291270263,581.1377709155284,453.2322578741687,447.9671759722245,333.69352642940237,301.4538602746947,393.21962832928995,385.3519612354104,360.910246701085,311.0277938448714,332.51156027818064,340.7554577812231,375.25623366853273,436.26315467616075,438.3649798836626,452.32822617301395,581.8492082661885,433.29773680309046,,464.208484470517,393.5331801641309,340.9041667335002,451.6959579573653,404.18802027979746,487.075155008856,419.65395200450945,,351.7656365763733,319.97221396461345,551.3210649776227,604.0505093350877,384.72452154118656,442.4369218171377,,,494.2414649592902,478.2500401637685,448.31728932146063,384.25297125587304,473.1807190170089,489.18595688600266,454.107050977471,530.1284446415932,427.3267614009826,364.11232303485883,358.9885105985542,377.53931982724606
v_6.0h,465.0087393501275,,,605.6051197904251,424.0454998337489,416.3331110061691,416.3331110061691,442.41602669834555,375.1217223101946,,387.5725694668822,359.5972534453565,399.27613025873706,414.58919226335763,490.659434865173,469.71761970066416,456.44999066520217,397.461115826088,397.461115826088,346.6882309633519,431.937298621919,483.502144781296,348.5841428460891,464.17168103022,450.0498916597135,402.9732254818009,483.72973365410536,,,496.25613224374666,369.28525045230947,492.7631179395054,449.79675035342035,412.49151233449373,,381.20946665095784,381.20946665095784,378.5261477320244,396.022627482282,392.53324104278306,402.7742716826258,402.7742716826258,345.57300195437716,345.68371223893615,,415.3483338811986,485.10653550493623,532.884216409547,346.91725412018604,448.7173367889545,415.50245226664987,587.4920796543629,458.2859978398265,449.4498945351906,334.9493892043683,301.30398145412755,394.6359986797446,387.1146402653369,363.323350038283,311.2936152194287,333.34570014347827,343.7874691871143,377.49726968556234,433.6671810641977,438.1895115744428,458.4591014099589,585.7710595444705,436.80348884822104,,463.3540071175133,392.20795327713955,342.5824510785982,454.77933862377375,409.2234054938912,492.21604983592937,422.5700019102595,,354.79824644375446,319.8368112779883,553.045095375028,609.0152542107568,384.94023883749435,446.86634214911186,,,502.6698834507241,484.81580905630244,452.5323465039262,385.61310706355596,474.21323162344333,494.5538725792929,457.5476460917476,529.3916897939249,430.25339716381035,368.8047338942844,361.46065162638087,383.2168624935303
v_6.5h,470.26412152675,,,612.8123785441636,424.3296937500202,417.54830526115774,417.54830526115774,443.4330398539361,377.6328477336656,,391.43062363084465,366.0947669834748,397.33189204228,417.9915805249371,494.92523633865704,475.3666384997923,458.59514487110613,401.67122736485055,401.67122736485055,349.46474497052964,433.5674095737648,483.65207464946985,350.7810862753674,466.769420750738,456.12675600822143,403.7597220273985,487.1642354772682,,,497.29105556603145,372.2587238021724,495.99472036173495,453.19747140703555,415.93645987503885,,381.8162791170623,381.8162791170623,381.454970906091,402.31574246428505,396.8738922975855,406.0765088809869,406.0765088809869,345.61837243954557,348.2098814255733,,419.63174439952223,487.3854766047131,529.6724844200069,347.19019523061655,453.86112629842046,419.82670905329934,594.4371258547417,463.113352649162,450.13047426570904,336.21116232483456,301.31289002523823,395.27008745342795,388.77226449159156,364.56066706768996,311.4203075044189,334.1120332323913,346.7589188213528,379.6319973219193,431.0613593646139,438.19962607809265,468.7316076034651,587.932186577418,439.6010748419424,,462.6212860379604,390.5700532836022,344.2052179654941,457.7246640337125,413.9425394489614,497.08587253776307,425.2958249830663,,358.3232885153506,319.6598799215343,556.3899637181086,613.5863893732808,385.4272655085874,454.18079723100595,,,509.06106692989306,491.35401240654204,459.21738971151547,387.6634450504482,474.4225598165384,499.8101254811396,460.9085195343263,529.5425193560025,433.05491852498943,372.4478493071027,365.71836798941473,388.6848501465361
v_7.0h,474.2227212644077,,,620.8416872959408,424.89961614658205,419.1296529136274,419.1296529136274,446.89735946373486,385.9484906659897,,395.1905700170944,371.00613519102086,395.45653985010364,422.23533516517443,501.3921988019814,482.5518413565672,460.6706009606325,405.74550050007196,405.74550050007196,351.80468015807116,435.32071356137544,483.80855434380805,353.05984064804494,470.82129642953464,461.34580142037197,404.5207262819858,490.53965467731757,,,498.25660711075574,375.97016510015436,499.1966319110407,455.93645229563606,420.41248226145296,,382.12847636040516,382.12847636040516,384.9721271704534,408.1882134239481,400.59136620234864,411.4765874677426,411.4765874677426,345.6799724154878,349.84494675287493,,423.8368290803263,489.6129643799202,527.9112520713053,347.4619908570379,457.82082879139773,423.97885051056386,599.8030378637374,467.78840814545606,451.59288894713205,337.4653377741945,301.319555315937,396.32202058119805,389.9679238179079,366.64136669847016,311.5927365798636,334.6640184113113,349.6646097828174,382.1693350118585,428.4353474239408,438.35900330970554,478.54222849421143,591.5696652807583,442.98592719259784,,462.0074294235383,389.0791643386498,345.775957948803,461.24862796802256,418.38753046334114,501.6997365839124,428.55796074524557,,361.18961822771496,319.4571615752892,559.471355471391,616.6709330624755,385.78358054243597,458.15879568913005,,,515.4727324810077,497.5896356263618,465.7421419547379,389.7720050724086,476.3084359203399,504.8281786692704,464.1687208174558,528.8927951675665,436.43730309632696,375.99558920833425,367.9541084215917,394.007693454191
v_7.5h,478.1790814766674,,,629.0772844241249,425.2204022835907,420.75447029756344,420.75447029756344,448.9583116216554,390.92516342323165,,398.91735016799106,377.0953606666296,393.9940198881495,425.4816012411781,507.52393654929,489.3695335090367,463.39775480662684,409.7033779870873,409.7033779870873,354.0774094775471,436.9854696432282,484.2054235698161,354.6147474664916,474.7013892607936,467.30460361611324,406.0314781546167,493.14614603500365,,,499.15007827449716,379.4965125723783,502.31317099081497,458.6118597062579,423.61060153974324,,382.41176176765396,382.41176176765396,387.9095829993318,414.15808146720605,404.19439201513194,416.62810444841125,416.62810444841125,345.7242762457299,351.48399894833966,,428.171370917756,491.4771230548029,525.4693786020337,347.76324329768966,461.7338649123354,428.0276347993313,604.7652498408418,472.29578847112776,453.0188008570761,338.7096290596373,301.2666065051801,397.29073387348535,391.4590989660403,368.11922888122973,311.8740252394564,335.30085365417796,351.8777122553445,384.28613159923003,425.76866225880786,438.69746286407207,485.806771011005,594.2084026743104,446.2631137102081,,461.41990495333323,387.27845799421556,349.07431127346655,463.97567142104543,422.58148506010536,506.14168106731944,431.1953218366477,,363.97941976248796,319.21937452137524,561.335575263897,620.5905407008472,386.2506868805979,463.20648633887214,,,523.4533109714026,503.9424060992877,471.11960068261527,391.55690034761363,477.3169644108197,508.75975586854736,467.3341116887796,528.4514194910023,438.9957345860793,379.45171359833995,370.8765690717462,399.1254219823778
v_8.0h,481.861655060316,,,637.7340120805713,425.8787163235734,422.44565306611025,422.44565306611025,452.20249051733805,393.1276414759846,,402.5457996858896,382.873203546717,392.2185428129844,428.81598911494444,510.96514611068153,496.46293162828255,465.3319340914365,412.64499241210626,412.64499241210626,356.43450479000984,438.723639449271,484.365739247365,356.6921473319813,478.48098491250937,473.18125017407533,406.760865605728,496.3200144364908,,,499.968568130836,382.9002637339604,504.8104266473501,461.3701628623041,427.8939265920621,,382.7725884277799,382.7725884277799,390.8333000812997,418.33577513656104,407.39323083788526,421.59632474174254,421.59632474174254,345.76764064187216,353.0807305791461,,433.7527883485732,492.96948569665807,522.917048510958,348.05937083014817,465.45683000520677,430.3980352683373,609.377441521658,475.77512033479405,454.1066080285386,339.93845050569837,301.3238548276672,398.34663127345715,392.86997720686554,369.9394615108154,312.0489499752878,335.7697564226613,354.6687837127286,386.7906595663945,423.0539120022431,439.4866785704076,494.71330792930985,596.0947443542422,448.85570654908383,,461.0444663076683,385.40750069789186,350.48884920774645,467.2524361049356,427.3668553361079,511.2308950179031,434.24849990098005,,366.69467214180014,318.93670492575137,564.0094505897362,623.5710054888463,386.66680475953706,466.7814614513929,,,530.9656236106375,508.68792442621367,477.91649347789553,393.73119675134444,477.68164709416874,513.5724256697181,471.0031641775044,528.3798199912587,442.12028901071085,382.87105211798144,372.9214292973801,404.09820350047846
v_8.5h,484.61151868338175,,,646.4026653357724,426.46622296819527,423.17420415610667,423.17420415610667,453.0663350987794,400.67556355303424,,405.37362880073465,388.53170837214515,390.5266370804368,432.7754181305995,517.6981376071902,502.99517771578934,467.19044657696975,416.3978461945106,416.3978461945106,359.2593870391922,440.8496469901558,484.5259563118656,358.1853824323638,480.85332690809406,478.59637781867343,408.90089274569806,499.42541959947874,,,500.86409314520995,386.1422696382792,507.802691229854,464.79687983404267,431.9397808771911,,382.9688326621659,382.9688326621659,393.73435852595196,423.5999439972737,409.92044041190115,426.34714792673293,426.34714792673293,345.8101282365078,355.51317981787764,,438.2144772312246,494.9780360873112,520.3526045654385,348.38270552592695,468.17917848887976,434.2288213812389,613.6558333327218,479.9559341537913,455.4366721133891,341.38816727859705,301.3072149253395,398.96028422951235,394.2055133921587,370.93161089604143,312.29875037023874,336.1540634073534,357.39708080624615,388.34720748637415,420.8664616133085,440.1308812705469,503.2523726897845,599.3007787718815,451.5244412718306,,460.7620521277368,384.08516496247563,351.85586712950345,470.4032231045678,431.16263803319606,515.2999227892989,436.1415694156709,,369.35023359929875,318.6305168423195,566.4702661249003,626.0420985824694,387.3173566759132,472.8692636294317,,,536.7387643152134,514.3073699977164,481.9558830477552,395.77534156374867,480.00269410792396,518.1753604660388,474.01561658311545,528.2918367670293,443.8783043964569,386.1401670889557,376.5470523011709,409.85709392233133
v_9.0h,489.1865918518525,,,652.7934226544675,427.20347675083775,424.9177843899507,424.9177843899507,456.1415575954548,402.6772007333628,,408.8652766877965,391.71258674177363,388.9263360304072,436.72479738827025,522.1673992064965,509.4117887789199,469.00319714498517,420.08170139205424,420.08170139205424,362.16424900996896,442.27017496042663,484.6837941151131,360.83245628644056,483.00502108088426,484.12703776851606,409.5948011935071,502.4698309247966,,,501.5432274646142,389.2885217282129,510.6951194054224,466.83412399957564,434.8940921219559,,383.1243174359602,383.1243174359602,396.7062704721502,428.86146728596793,412.65020053078274,430.9433188345287,430.9433188345287,345.85173474793623,356.2710958341086,,442.85990325130416,496.23427945891257,517.6747203498071,348.90115940023804,472.70912707184135,437.9371133162013,617.638218699908,484.121565506941,456.79024536568164,342.5723878678589,301.40657760759905,400.3458246082102,394.9111583389165,372.6017344816239,312.4796292476121,336.6178097131846,360.0665492474036,390.8432935459444,418.10975310428904,441.04457941063134,508.09658293178717,601.6447663836949,454.62880764614556,,460.56166052927836,382.0945623936657,353.19953408534974,472.8336951876212,434.8054046794549,519.2180594036698,439.1010929692455,,371.97485397574286,318.4222095398646,567.444778157206,629.2241750538951,387.8881934115668,476.1309042871933,,,543.8991616012861,519.3031617069784,488.8643982299758,397.24607588922447,480.69205729686894,522.8024931895205,476.95291061141495,528.3214625968599,446.7978392203296,390.16599762916053,378.4021990673443,413.45117161797856
v_9.5h,492.67711233163857,,,657.1268976631385,427.9060418118366,426.65314764358646,426.65314764358646,459.1070584443901,409.7902187129743,,412.2589736542863,397.0210293531978,387.36168394775706,439.8215388679075,531.0218183060696,514.2192260545164,471.4078322746589,423.64575330720425,423.64575330720425,364.4603370440331,444.01912590731655,484.83712073423834,362.2585453701018,486.5078864356393,489.4204341694959,410.285242533449,505.47808475437614,,,501.91655432500613,392.34859964466614,514.1789083212142,470.1311274232149,437.7933475723631,,383.36126954253723,383.36126954253723,399.5814505080817,434.1861591375145,414.7345492315112,433.47888479854583,433.47888479854583,345.8926571455006,358.6669719713917,,447.3049918714229,497.47457180870725,514.9008833643198,349.2309886431043,475.31085187257816,441.6005129510545,621.3418262062412,488.9108115834001,457.8092846123206,343.7340240262302,301.43278814806246,400.94065891025826,396.1362437613335,373.8353793567687,312.6649681417683,336.88906140512887,362.68522169610736,393.2992784949377,414.75763329177454,442.07500251546514,515.7955369667744,603.9605675673814,457.70180680205243,,460.59354925730906,380.05385650922807,354.52751468220924,475.20723002052165,438.3550967050638,523.0529649462744,441.5023942262613,,375.0407813627504,318.02204215412263,569.630378344108,632.174617766782,388.5926209236746,480.42921709875645,,,550.6461905826833,524.1852049903981,494.58336626027045,399.29514212362466,481.181372181057,527.3137699186116,479.79816756718293,528.4430474530232,449.6124875971206,392.51506178091716,380.19148380053593,417.97873324098333
v_10.0h,496.1181210124836,,,667.9047222159935,428.57680377920127,428.4237571384559,428.4237571384559,460.8896999890575,414.03607611669423,,415.63199327630497,402.15451949260375,386.2236182545189,443.74698531816307,538.2875506451642,520.2695626335653,473.08671846674247,427.1093499847784,427.1093499847784,366.7797658031253,445.7822249625724,484.9839406834462,364.1619897183124,489.87805727700095,495.14234308637873,411.63889902164436,508.3604960967398,,,502.4915118106185,395.3375639154369,516.8653822172935,472.9002445295364,441.5440976127765,,383.41712821172973,383.41712821172973,402.58260178000046,438.3880640758968,416.5134265085289,437.76211595879835,437.76211595879835,345.93275635753844,360.21156539933526,,451.1930626611707,499.1565134840936,511.9337569031918,349.5837571159556,479.63483618727406,445.09571835262517,624.7704016732437,492.7498615139647,458.683874473601,344.87283656171394,301.561449641956,401.94641756706835,397.3062967794827,375.0801571377249,312.9530073943805,337.24351576235074,364.65602645950554,395.3190484184593,411.9179928136308,443.19561382619634,523.5379675276772,606.077255162995,460.7512479806848,,460.5226335762498,378.1879565823584,355.83989587254354,478.06757446039666,441.77100293188937,526.7987518166517,444.35482038017284,,377.5085466799719,317.59982709675285,571.6464569313556,634.0975766881663,389.24272803171897,484.6998826060925,,,557.4254537502121,529.0468914423509,500.35880027358894,401.4510338929092,483.3304536342045,530.4818794505732,482.5825541500708,528.8962380767457,451.70774799883026,395.61537481516086,382.56240000071875,422.3984669032737
v_10.5h,499.50903969626626,,,674.6803087861066,429.3419817178345,430.2398317924471,430.2398317924471,462.7383510363046,418.421353216416,,419.1251656652267,406.027396748426,384.89918343784433,447.50509950766894,545.8139625020253,526.5429506866434,474.7369812199505,431.2258634952157,431.2258634952157,369.616350755516,447.5323428237858,485.1224784571907,366.15639367931163,493.1050543167871,498.94977696967067,412.31771875360073,511.1544145727831,,,503.0122124717651,398.8248602738687,519.6593866005106,475.59392092655116,444.28656132541977,,383.53256362350714,383.53256362350714,404.9566799343426,443.61094835569486,418.44334486108926,441.9486238474828,441.9486238474828,345.95146210153695,361.7707260406961,,454.8710413223281,500.9754310655248,508.8637998577416,349.9229807664951,482.8960044560293,448.555854177501,627.9103007163238,496.52634213393884,459.93367114984477,345.788455626985,301.71527151025055,402.89845134989986,398.1394778418013,376.2650697662809,313.1059786131061,337.48978116940265,367.1769058413054,397.32097620013076,409.10120784200745,444.372990361575,528.7092350523554,608.270884168213,463.30969498743946,,460.5008898594968,376.0875058032761,357.1379308979328,480.2850471010225,444.2360132081328,530.3682152062834,446.5853978615331,,379.98629108483345,317.12400462480707,572.7576957507101,636.1659443723889,390.02096333335373,488.6560874454697,,,562.2449022351057,534.1205226659449,505.7071611987584,403.24316699078173,484.91908407632707,534.664506652985,485.278685332267,529.1572019713708,453.811258456257,399.4164925429423,385.06911597708677,426.703002990862
v_11.0h,501.84938906760334,,,680.2302170125956,430.1850352223658,431.5552334090925,431.5552334090925,464.42146510923624,422.4079270801244,,422.23791074994136,410.8078683732903,383.579589075313,450.4787884575776,551.6429836089847,532.4419651651729,477.1101891878915,434.5103268511249,434.5103268511249,371.8081920690461,449.26638457533977,485.51298070475184,367.96875504728104,494.9827146007629,503.48428001552355,412.99395670323537,513.426758336384,,,503.482654129175,401.697204363151,522.2523584591398,478.27460544071283,446.9740413523204,,383.67869330746606,383.67869330746606,407.88780481241474,448.57754597183776,419.77695267638893,445.91917266155514,445.91917266155514,345.989672109067,363.2894508347776,,459.52589222134566,502.42425262273963,505.6294838786186,350.27899544704127,485.31196293056905,453.0671040471808,629.6336273453508,500.2291701539286,460.9092009891004,346.858306838008,301.79981302036873,403.8864853222184,399.20726280929205,377.73381436186645,313.39254747429203,337.60862737215325,369.6435387339756,399.30279828129125,406.13547727141605,445.57229559135516,535.7272981949797,610.1562115085878,466.237717896115,,460.5059716471294,374.40612567568866,358.4209677012378,483.01763101606076,447.5196196971867,533.8399769315868,448.8706462685447,,382.41325045542203,316.6254222768158,574.5161224004553,637.8232065213355,390.92561002522575,491.481296839281,,,568.6995955420629,540.0141507477197,511.53448969656165,405.3798697751562,485.4548077924679,538.6988262293033,487.9893441150358,529.4619064682242,455.7322433358589,401.64097939390626,387.23880512915963,430.8318234863776
v_11.5h,506.03691917521144,,,684.5912680160178,431.03920879341706,433.36054230724443,433.36054230724443,467.134223858613,428.7707183097336,,424.90691444869617,415.5792091702845,382.51627605729095,453.4754333558261,558.7444018740131,537.129671203392,479.21691483951696,437.7670808168574,437.7670808168574,374.6295265105866,451.00207810145207,485.6949152216814,369.26635474256966,498.0808999565613,509.64604748508225,414.90527455914037,516.1755356611048,,,503.90557432450845,404.4442474481473,524.7122371270351,481.4598164037985,449.60048394371444,,383.7143764781639,383.7143764781639,410.7344334139612,452.9341338138526,420.8815842333272,449.82483713756244,449.82483713756244,346.02717533285926,364.79811650612083,,463.56364467326085,503.84146408149627,503.0911694988185,350.866666027109,489.3530222119813,456.30475048158894,632.3685247849788,503.89135043475915,462.1462831087106,347.87918914422727,301.97002345744454,404.4659173303143,400.21200124729626,378.5951015473664,313.5672917629959,337.84051994017733,372.0441397634535,401.75751970300183,403.02651984142483,447.1660003130796,542.0560895286737,612.6097149479909,469.0338383210343,,460.52660534328555,372.55386179429837,361.2443161581241,485.63368983238064,450.74438121769214,537.9145870350694,451.60032995152267,,384.76804509423425,316.09578799677934,576.1244238758984,639.9993104722616,391.73528589054285,496.41747375850827,,,574.2186362353478,544.7803948658237,514.8590406608323,406.8135162825508,486.292873000835,542.6356246635256,491.2430591711437,529.7995869106866,458.18977845445716,405.36608508427906,388.74768203317564,434.96611482588935
v_12.0h,508.48091841934746,,,695.381045750421,431.8467644963624,435.2124391814436,435.2124391814436,469.7888454675378,430.41875230486033,,428.33195288463014,420.27506363683113,381.4936419838276,457.09457465877506,569.7600359337791,543.7680242206596,480.6859119624673,440.23823898629445,440.23823898629445,376.7922654023595,452.8280775540896,485.8970130352579,371.00275755809935,501.1178358941897,514.719161778197,415.5734609503357,518.8827302964264,,,504.2832502037267,407.2078369236562,527.3238862346744,483.5315124954451,454.0044235240041,,383.71740051230177,383.71740051230177,413.5724705869124,457.25436668522536,422.247733889215,453.5934958381782,453.5934958381782,346.06342366026195,366.3176283828215,,468.47986961615015,505.63165976519383,498.5782626552685,351.2363722096006,491.5414943378471,458.1120806845521,634.8287195016945,507.53546892279405,463.3571134426436,348.85051574015097,302.0673438530303,405.8059549218891,401.14531708742214,379.9872240304193,313.80002045562003,338.0675559476503,373.83643276747614,403.739425696544,399.7876203535192,448.31288676722215,544.9958954065938,613.8617719111156,471.9190762835266,,460.55892506699973,370.650787655857,362.4776564665311,487.6917401904739,454.4800288286458,540.2043548677093,453.7893705068666,,387.08961094959926,315.5394709041186,576.6397937569209,641.9370122283697,392.46494477401717,499.0343776508689,,,580.1984476431073,548.8573056656452,520.66873344611,408.8973556363115,488.7083683831263,546.5966987432342,493.2734553630829,530.4108702581082,459.96958406940064,407.50056887067063,390.20130639295996,438.94732521923174
v_12.5h,512.3991625361614,,,702.961299258079,432.60606877700525,437.0795991972731,437.0795991972731,470.41725195468996,434.15186358418714,,431.5278295174973,423.61771201230556,380.89807890276825,460.658409338007,575.1000996393043,548.4046707265924,482.12250588939423,443.3680981907813,443.3680981907813,378.917723785549,454.4403930287064,486.1108255596939,372.8426580146677,504.04930217622035,522.4707893047989,416.2357641425323,521.4981809601895,,,504.6805787079335,409.8663483398388,529.6503139575033,486.0163176193828,456.42296719534386,,383.65645339818747,383.65645339818747,416.4361392733188,461.01243463714076,423.21267971738627,455.61000326126265,455.61000326126265,346.0985486613835,367.8030994767583,,472.76660547383335,506.51504429726907,495.75229792318544,351.59394651757896,495.41186574953934,461.2435535736925,637.4210582513005,511.11781511851234,464.30251290994784,349.95402647614225,302.2265820994509,406.37776644249055,401.78070460899994,381.0507140713139,313.8779218475099,338.15514407241733,376.1310293655137,405.6877634713453,396.3815415669468,449.37839464358643,550.3967438428925,615.5106394694617,474.8670084801649,,460.59953073679696,368.8984780345151,363.6815337225477,489.6400066070029,457.5417285924405,543.4025363400186,455.9587108474886,,389.88907091313513,314.96087021252674,578.0127309216822,643.102733487931,393.2084843702993,502.4751045371834,,,584.3640794636781,555.8361764051773,527.000179403087,411.0019575973531,489.8360257365954,549.1930853264056,495.96895601478536,531.3813913211176,461.8371406754095,411.0222837370835,392.9450038763653,442.91017285958543
v_13.0h,515.565708025972,,,710.7307536629264,433.5195623918631,438.5040814928063,438.5040814928063,472.97223771278334,438.0692655910316,,434.43121870339047,428.0553039419792,380.28320471412104,463.31800503365605,585.9162147427398,553.8699216327497,483.53203483589954,446.48092413577393,446.48092413577393,381.75629412328465,456.30234685004655,486.3290612494853,374.51179346250444,505.7360343909332,527.5411231765779,417.4854172784411,524.0609480842452,,,504.96848068424805,411.92538498013187,531.8191952883542,489.145531039564,458.91546077142385,,383.80958582127425,383.80958582127425,419.28873450182647,465.4357679170454,423.7470020963059,459.1719967008186,459.1719967008186,346.13257688109206,369.295579635141,,477.9208047353948,508.42694853208,490.79184155340255,351.95184970108244,497.63816553586514,464.3057732100543,639.33213565468,514.2995632160042,465.12198344809553,350.8169797002813,302.29604706819964,407.3396434041492,402.4411480273869,382.08997851071626,313.937078236044,338.3311350313188,378.374729043638,408.11717192064776,393.5046423670675,450.41171178438174,556.1966710122497,617.2128445163972,476.9515463295727,,460.6454930666698,367.4367664877588,363.24773513045477,492.06086808027595,460.56499539988937,546.4340756530074,458.57700405598405,,392.1647553557171,314.23700832772016,579.2464597483274,644.6788666846935,394.076595021081,506.1401487505835,,,591.075556564488,559.8667552672051,532.2757374989968,412.88252407291935,490.22520486723954,552.835266016961,498.3737254482135,531.7225465543178,464.06949467103846,413.7673325032599,394.292266456883,446.6385227934834
v_13.5h,518.4736323621535,,,707.9107964319467,434.3163889210957,440.3985954121389,440.3985954121389,474.4833281549643,441.6365537693071,,437.56167674501177,431.77124121295935,379.6236685396502,466.65014812942417,594.4301085999333,559.7090092256549,485.4151662156163,449.5619912452718,449.5619912452718,383.87136144874916,457.9120919186886,486.545592552932,375.7152168486472,508.5249107407828,531.8202641583206,418.1541100923394,526.6532710466765,,,505.2202102041498,414.53094898184577,534.0646399060814,491.1584111054997,462.1890133274971,,383.7444424357063,383.7444424357063,422.77805098477234,470.82764011399524,424.6167307673835,462.64597361283285,462.64597361283285,346.17981913081985,370.74543388101455,,481.42542279154344,511.48267774967405,486.65256375541867,352.3240985032766,500.3344323504706,467.2810902337464,641.0603848033593,517.5134981597936,466.2576015512711,351.63332260448357,302.4435192136658,408.22727874179964,403.21655874410766,383.08437783999983,314.0507681643196,338.41223196084843,380.56820468896166,409.990960784572,389.90213193489234,451.4170245080378,560.5047482938747,618.6881463094434,479.8174722337574,,460.6943420911698,365.993937445447,364.43221280745047,493.92559950325233,463.5586943573189,549.3985241706788,460.60733005132016,,394.40181256666216,313.61632651377937,579.7772229472187,645.7744390421686,394.8504210961053,509.4056720176825,,,595.9882937865706,565.9529044564551,539.6243616388163,414.91425545023617,490.99226065924495,556.4742928711177,501.0326606107746,532.060573588428,465.6969290906667,416.5801754227961,396.12176316726436,449.5653957584288
v_14.0h,521.6727861873043,,,717.9054928437508,435.42713912798223,442.3667448229006,442.3667448229006,476.9867208923551,447.3950416269172,,440.7028528949745,435.1812157414655,379.233804983475,470.04134113496474,597.6770787856094,567.0647743821006,486.7456796623891,452.62189805919587,452.62189805919587,386.45795930607306,459.691583247036,486.7554368423718,377.47634812995284,511.32435667045047,537.5925243553518,419.38765078510556,529.4696121709515,,,505.43870310771973,417.0823881525694,536.7080624321857,494.1562408865963,464.4787660100748,,383.7310913162778,383.7310913162778,425.5149680937767,473.032435788564,425.31231394501884,466.0159098707315,466.0159098707315,346.21443183221743,372.9643810656554,,484.34007129815853,515.5223398251711,483.4186755477069,352.6955418617565,503.9964837290543,470.19111228585297,642.6943261692505,521.6146409325158,467.1884514527379,352.39961105243145,302.56744851657817,409.19720820107676,403.718774448027,384.2711699146157,314.0237050504545,338.6211741989006,382.7081769563666,412.4110765306074,386.26822177996183,452.2796973276511,566.2212340611447,620.560723323649,482.21663191975887,,460.7440434264945,365.06351522060817,365.59259737094135,496.16594635213664,466.50185525190443,552.2994079596699,463.1970012637041,,396.60054643983324,312.9886227527189,580.7840827730573,646.5764992988842,395.5775097510141,512.0080987425832,,,602.849926042806,573.7750024035156,544.701164329437,416.94518012414693,492.36726175269007,559.2355729230917,503.3539614274255,532.6020918118569,467.81817175655647,419.22830844620376,397.3950091758435,453.21556386115435
v_14.5h,523.6534101795293,,,731.4834130233431,436.4089426514183,444.24002075091937,444.24002075091937,478.47584002341165,448.80191453491926,,443.41796719128547,439.2293546965796,378.75097826290903,472.2395514228971,605.6880732518324,574.1904694504148,488.05210851041494,455.5645110689504,455.5645110689504,389.1004788193267,461.8190790024681,487.2481808307695,379.06686268529387,513.9741735953291,547.4475584246802,420.63184127029285,531.9986667877303,,,505.6268945029439,419.60515433288657,538.6533230892608,496.06711147448783,466.83687498677386,,383.79801527816,383.79801527816,428.1409881798779,478.83274915257346,425.78549886671806,469.31391726244414,469.31391726244414,346.249184906889,373.65944304054665,,487.7890380124924,517.1940502395894,478.0128653540318,353.315092843622,505.8688120751653,473.1045956480566,644.2018982863676,524.3513465471987,468.2863417085536,353.1147653491356,302.5999725555811,409.7411432159706,404.38959014553564,384.96151257323476,314.0660386414799,338.8238695726626,384.2921949906777,413.8976588547118,382.672573142956,453.01624410783637,572.346294041177,621.4843715924512,485.10367614351816,,460.9590524484944,363.8991874159669,366.72406292096605,498.3644994629376,469.312372789117,554.9630481602013,464.6618011237629,,398.76958669953393,312.33066345722494,581.6721103681629,647.6877944229191,396.38535470416093,515.0319420567806,,,607.4605344722398,580.418831119193,550.2126707055373,418.5250880171288,494.4190242723384,562.6537372176622,505.85266310447776,532.9212639662625,468.91942038385855,421.8179357608958,399.8457370724178,456.8158426669787
v_15.0h,527.4320659599178,,,727.1189753640157,437.0072922138588,445.6192646306592,445.6192646306592,480.0073221559074,454.3185462200661,,446.5381060000884,443.44486498129305,378.5588029242069,475.2864609522394,613.5879047616593,580.813676535081,489.8232520590431,458.42749492878744,458.42749492878744,390.64841335302117,463.0962679866305,487.433021266953,380.22082228318965,515.4805847566948,553.6035898570119,421.31338973162,533.8769362841567,,,505.78769095069543,422.1112167430271,540.4358793454716,499.16021710173914,470.0249246395858,,383.62762574819317,383.62762574819317,430.90842156358,480.3392074359618,426.143142694803,472.51651028192254,472.51651028192254,346.2841387982972,375.8210828675159,,491.6308955344477,519.1145966773663,474.8568432796259,353.6902267039219,509.41355294836353,475.8981289698269,645.5662159970587,527.6558082437729,469.35984921558264,353.782865721187,302.7030956454766,411.0067047929258,405.0057627500507,386.0759517603022,313.9611449084546,338.89089213958994,385.93294571808974,416.2814697384459,379.2050188852501,453.77670559933244,575.4304113668264,623.1229298638481,487.1139346722803,,461.0159532810209,362.89791836206217,369.24018983874475,500.0702898922038,472.0836541121958,557.6501880011974,467.22271519802086,,400.9965896157829,311.6870740543442,581.8041169287269,648.6919598349924,397.16291245561314,518.3767282465196,,,614.1198490123357,586.7417918248647,560.2564121707155,420.4656594320632,496.20114998254354,564.6754272399625,508.34828530756675,533.2333516673584,470.9020743456103,424.475380078812,401.03647310287204,460.3921867759419
v_15.5h,529.8755841379993,,,747.4155122448949,437.9912559306757,447.4934205592621,447.4934205592621,482.3824832019606,455.7411060919373,,449.77594965588264,447.71253679901946,378.3750668514414,478.82930874995947,625.1471629140841,587.4638140818287,491.0752021918251,461.3000070337908,461.3000070337908,393.1344847103811,464.8221964804414,487.60207229575616,381.7651818930384,518.1200426087029,558.4515452914812,422.5476306650255,536.1525596812716,,,505.9239402941458,424.60363929231846,541.84242342085,501.4107372517857,472.1299455914688,,383.4564808348555,383.4564808348555,433.3069895196399,486.3517823057457,426.68924293824085,474.21457666208835,474.21457666208835,346.3023535018367,377.2223384102825,,495.7634881052361,525.0614261120124,470.77550517099854,354.05664583108313,511.2283247792485,478.59706656120267,646.8814613557857,530.1893658093652,470.2285350786018,354.4016731699936,302.71453031508463,411.5543567053526,405.3809792900698,386.92621499735634,313.91222940141637,339.04198377853345,387.931096782411,418.0440772519427,375.9419981440655,454.56804949393626,582.53395550256,623.8707852875827,488.84955397479393,,461.05994626814123,362.0941897246064,370.3049844311414,501.6759769979035,474.99048152431527,560.7407622232402,469.0829505464388,,403.18983717840945,311.0324673929565,582.5246937160148,649.2038368176467,397.8817961055891,521.6866215753652,,,620.9979546437321,593.099866086839,564.6982431286139,422.45545030434425,496.2135236889521,568.3307363864561,510.97067530578545,533.536831934395,472.30501606069777,427.0702027304545,402.19517929642,463.9477310925251
v_16.0h,532.9923595448292,,,741.3588905457777,438.9254696299621,449.35270935733513,449.35270935733513,483.74603848852297,459.0381225485164,,452.7782288436351,450.60482916318983,378.0569947624187,481.01311594954205,629.8490760623675,589.9976179612848,492.3012817754203,463.46855411569373,463.46855411569373,395.1973909000871,466.56993111235244,487.7548551466936,383.42545774199624,520.5737690002044,562.8731438026392,423.2333585897018,538.2128084510521,,,506.03826064333236,427.53409399393394,543.4183721759307,504.1305271445464,475.26010499211424,,383.42252996549263,383.42252996549263,435.7484086761959,488.0877883669614,426.9415752874969,477.2927887470631,477.2927887470631,346.33820556892726,378.61136576032294,,501.378844781546,525.6281144896177,466.81746935434745,354.41685740968444,513.6455176987525,480.0503738008204,648.1561465565139,532.7266566904485,471.2495706880253,354.98405509229667,302.79769476144406,412.48128535252874,405.9037495708466,387.93443005110015,313.72197468303364,339.22378500785635,389.89962676009503,420.41749565924835,372.97231510096884,455.1808222468626,585.93942637259,624.7910179577598,491.60733375102956,,461.1020270225636,361.36097278386194,371.3474740978407,503.67038526668466,478.26266545420634,563.0696118226065,471.4525668870088,,405.6986827276991,310.36053908703076,582.6801001661169,649.893705581221,398.7446539031258,523.8143805601516,,,627.9196655524406,594.554611673403,572.7569273687991,424.4819984461857,497.2927859313798,570.9240324642662,513.4098714156285,533.9952617420541,474.16987928499486,429.69587091942986,403.78602912097415,467.4920289671333
v_16.5h,535.3094106601931,,,762.7067343145462,440.17332657224824,450.55622042558895,450.55622042558895,485.94712412181275,464.34731475848014,,455.42851973114296,455.24296333703376,377.961328506768,484.611724806095,638.6295785299352,596.5677421336575,494.11800467530463,466.3929200178175,466.3929200178175,397.6654323064981,468.22689443859616,487.8931327401461,384.9257296423465,523.0880914301616,568.528379131041,423.91483971829405,540.2843378980166,,,506.1500975049915,429.9502666185627,544.8923463732259,506.36572062514193,478.4291701930539,,383.1359627439071,383.1359627439071,438.6225393594699,494.7025121581378,426.98556779317533,480.2818428442798,480.2818428442798,346.37407219111526,379.9759895048838,,505.5051094358983,530.5868399877204,463.3172735948846,354.7832363810649,517.0242359283793,482.77719815815567,648.6636629483701,535.4527951889492,471.957038112512,355.65794039075405,302.7911594299577,413.33011497763147,406.38019561316867,388.52052545394145,313.5384863016099,339.2757475315072,391.83804903675264,422.36455777056574,370.3980428024582,455.6274071702509,593.2242256721966,626.0253988027342,493.8712546504421,,461.14437477766705,360.8649897569655,372.3643575066857,505.22665769813483,480.8356237775276,565.2752053690798,473.22089270870055,,407.6719919505658,309.69788398700337,583.2349926785397,650.2656194982508,399.44234732006583,527.0570531605908,,,631.8446391991669,603.0832685281498,577.6736835547854,426.3395243022382,499.2798060626249,574.9123444739239,515.7886360907478,534.2701460749636,475.5678314800172,432.16702341716996,404.88763430690784,470.91760649077025
v_17.0h,537.0618910049145,,,756.7598079376547,441.1623943562032,451.86896282425204,451.86896282425204,486.49795414924296,465.61502470449494,,458.06256061548766,459.02473623291525,377.90613074887005,487.7163389815475,646.5904086373706,604.5433111251539,495.7145905975803,469.15631377086913,469.15631377086913,400.1315816931051,470.1064637437383,488.01648861152927,386.017331210105,524.6780846954701,579.0979990179518,425.62735227830944,542.4408259760988,,,506.2251357122297,432.241071780011,546.2823184475764,509.1853419875304,480.3991641139344,,382.7873549898082,382.7873549898082,441.4530926062325,499.44933230623735,427.3891838885721,483.2380695414687,483.2380695414687,346.4100329761166,382.0255868804021,,509.8855516472041,535.1304855383881,459.39230567929235,355.1612986161383,518.7337503241984,485.30408766030297,649.8638375304391,537.4025634695785,472.7190745851563,356.1991651599621,302.8622264527045,414.25148778471,406.8195484652997,389.4389264931632,313.359692980445,339.45357088017664,393.1986554275897,424.0852685701058,368.5447976461164,456.0689646017685,599.8522761592806,626.4616231265711,495.67622645707144,,461.1853779849381,360.37562731890824,373.3494581115932,507.11038546528647,483.65673982098,567.4888025261397,474.92616076277903,,409.8596241740629,309.0312402193743,583.7037971864222,651.0614672034958,400.1585771356909,529.6999893543557,,,639.315805368119,611.5153879992097,585.6913902535742,428.6535048244287,501.45385925574925,577.7751506288014,517.7690775262442,534.5373466396974,476.7914514100287,435.339663510154,407.04866341621084,474.8525153997908
v_17.5h,540.6470945761686,,,780.3266680426585,441.82166752555264,453.5790038248576,453.5790038248576,488.6342681807573,470.7830555703795,,461.0238160675958,462.4079784246915,377.67179686054067,490.3038192935115,654.6054901234868,612.7163085091205,496.84390213076256,471.8150191930981,471.8150191930981,401.3307010141077,471.37542826730675,488.1248658511293,387.99551320038773,525.9980409909737,588.9915689123735,426.2535462384523,544.5260305995834,,,506.2861537688049,434.54985872947043,547.6192905622748,511.12807283843455,482.5827280033827,,382.67787679498423,382.67787679498423,443.67734990950726,503.53102692717755,427.7263253913825,486.17763652262306,486.17763652262306,346.44634670804055,382.6572641379137,,515.7225516712572,538.2035628738248,457.44302944494376,355.83395671508924,521.7570837198995,487.9431907588495,650.9478592656817,540.6661718432538,473.67659072125076,356.7208772181709,302.92486710887266,414.7787665940251,406.9820741510643,390.1437674540209,313.03564115211014,339.53159491863113,395.05720312870176,426.46793440230124,366.7049700217992,456.4013357256363,603.5206901024668,627.4410334842715,497.8530265375983,,461.223878543054,359.9729183720033,374.31184039308033,508.88355649788315,486.07237068219143,569.603807315585,477.2679998929972,,411.79012735408367,308.45458040946846,583.6828278394826,651.8054026956579,400.827234096426,531.6504033230549,,,644.844853178559,614.4679346702451,593.9964808104342,429.82221794207953,503.76293301802514,580.2616902601901,519.7605009172541,534.7973829958222,478.44510674547104,437.122491834632,408.0806400088222,477.37069305990485
v_18.0h,542.380650150018,,,790.4225879949935,442.892531771154,455.4169841173211,455.4169841173211,490.7974244366563,472.00267114433075,,463.17734737475786,465.4227797200558,377.636085949375,492.2191201202655,675.0775818753498,617.2710228324372,497.9503219963843,474.5835095760014,474.5835095760014,403.83014737455926,473.1035545819373,488.49639056074665,389.05845614429353,528.3491640259946,589.3024250045694,426.8760920794502,546.3834465677018,,,506.33527451814143,437.01004551739146,548.9204076560065,513.747696486279,484.8851979965973,,382.2235256392461,382.2235256392461,446.65115886986723,507.96510874657434,427.59742095359036,488.9748103324627,488.9748103324627,346.48236699689284,384.65916120185295,,522.5662692790501,540.3700407336071,455.1057472763577,356.2323291855634,523.4449644066482,490.3604566937754,651.9111776559678,542.6105942899313,474.60135892062556,357.2224357724525,302.89090034837045,416.0219877965765,407.36622090264433,390.80214545899025,312.75236996465554,339.6934918415408,396.8109982782724,428.13877649987575,365.24340132081437,456.6884435580059,609.9812055563686,628.0028675565068,500.5025068744694,,461.2591544870538,359.66473501467027,375.2429471457444,510.28015964184243,488.78885686496915,571.5866872330134,479.10673606132167,,413.84056612549364,307.78982355140266,583.9561804133655,652.1441928620442,401.4579793462389,535.379027116991,,,651.004558128647,618.4230182106853,601.8845400104682,432.16957917368336,505.76711329046367,584.1628019337749,521.8836331896259,535.1805783166429,479.5786209170416,440.24279852172765,409.0858830695396,480.3579812283216
v_18.5h,544.8734851959991,,,783.7155014621305,443.8704583399468,457.14637595179755,457.14637595179755,491.9765169880354,477.1085858015227,,466.3970857058784,469.4762110468755,377.43878189691566,495.64546287553316,668.9316688368466,621.9982719894066,499.0344918136645,477.20689523444867,477.20689523444867,405.9537695142233,474.67122305668687,488.5781344973763,390.4729812947363,530.5799696197777,596.8463256782002,428.0291077359718,547.8488601962038,,,506.3744113954271,439.15759032109185,550.3567251885876,515.7762285602623,487.4547680920736,,381.69505929707566,381.69505929707566,448.906399734275,513.0485174005812,427.83791188212825,490.44960346051346,490.44960346051346,346.5181362157029,385.9254167981794,,525.7193778542388,545.8833040657084,453.2161187367364,356.65039486395506,525.7174359782979,492.9343432707085,652.8924462941028,544.7585099904952,475.28909745784466,357.702399873808,302.92377342932446,416.92058523177076,407.71750705399296,391.5840108078465,312.4102907116168,339.90381271729683,398.56770864504824,430.0642415064436,363.91026091182437,456.91656589073443,616.5019965971087,628.6290340108806,502.657210722752,,461.2908241082505,359.43012994890165,377.44708680216524,511.57173128412495,491.2415119516992,573.3750187502549,480.77458057664535,,415.7869458001378,307.13548377122976,584.2405910788606,652.6474277956937,402.05722254469237,537.2013526829408,,,654.7263327757782,631.5361694504298,601.4381218435716,433.8491188816881,507.8571878355974,587.2937778386326,524.0316824142427,535.6732688099527,480.8679248451003,441.7618109614168,410.4703546465373,483.5302335876322
v_19.0h,547.4060168124197,,,784.2750432292648,445.1876245413399,458.7787617929658,458.7787617929658,493.3336067755459,480.04792302445657,,469.3613822504062,473.35238555435444,377.42544280717993,497.936744874343,680.013417217311,626.9475307273019,500.4932641056776,479.72519553743695,479.72519553743695,408.3751009752848,476.2230544734909,488.6470829519788,391.4807003843036,532.8678660816814,608.1423972665959,428.63230901879507,549.5390430660783,,,506.2987755733869,441.48813290748933,551.3991218108703,517.8833082971198,489.63136975928154,,381.2680165147237,381.2680165147237,451.7254046762879,518.928189792803,427.9871869281679,493.14867365256936,493.14867365256936,346.55368264537447,387.2250596339007,,528.4957234702301,550.7526112652798,451.7185682731649,357.0903938055579,527.9893414227435,495.24974430507086,653.572209388551,547.8638931996273,476.15698930652565,358.1604752714157,302.8826513427351,417.42708158619996,407.8903088936162,392.15901655043143,311.9422701639998,340.0168812791705,400.2499051998513,432.08520447708503,363.0980122067241,457.0755865100004,619.766477791131,629.0856706216055,504.4192068615476,,461.4931519059012,359.25212306092055,378.3405701631367,513.1028296335852,493.5780906153763,575.2905054107205,482.50239570586564,,418.08709709327826,306.4852857228764,584.1229305474614,653.206317025625,402.52788109159667,540.1391347751122,,,663.3342418530137,629.6016030239168,609.5000368241516,435.7288875352846,509.32431505921227,589.9459008302397,526.0527240092848,535.8892478792769,482.4025410011959,444.2009476731318,412.05382872319603,486.8212738210185
v_19.5h,549.1194075709925,,,795.0109199493837,446.4113627279088,460.01993760572134,460.01993760572134,494.4574664179861,481.2447026746139,,471.1006035205163,475.40799379322226,377.42036338563867,500.11948526990716,702.2835689257201,635.7738543294528,501.52221259495343,482.52406891392343,482.52406891392343,410.7389927193194,477.59198915104,488.7044766116456,393.3361172496759,534.0745211685506,606.8240544183983,429.7186387738315,551.0732560908792,,,506.32443203415636,443.12945806892355,552.3108603492366,520.1787695978147,492.38417950923144,,380.5696255630958,380.5696255630958,453.840781362639,525.5212616425601,427.7794218654024,495.9283874278564,495.9283874278564,346.5892900584188,388.447316263786,,537.3971159592113,549.8165651924099,450.5043980235481,357.5452998815469,530.0145269321354,497.6685308963992,654.124844405404,549.8713577801425,476.7459728252173,358.59943368306136,302.9027758268005,418.6182666022708,408.18591057444695,392.70381763351503,311.5222821218226,340.2403875641921,401.44635086122776,433.9164680303145,362.49781668287,457.564978768149,627.8093290284817,629.6001103662551,506.2426819505016,,461.51799013686644,359.1441793961535,379.2146521727287,514.3443204051838,496.2962277236242,576.7311915749848,484.68239290713734,,420.03964491101095,305.851043884625,584.3159129032452,653.4568574116854,403.0800222694118,542.6502141900949,,,666.8386036049122,643.6886804644566,621.6141499148747,438.0020544885098,509.8894071564223,593.216575305203,528.1551910420458,536.1834530554789,483.4186503850271,447.0499470485407,413.369043468305,489.5536391837664
