Observed,3.853472222222222,1.442361111111111,1.5430555555555556,2.3881944444444443,1.8534722222222222,1.8930555555555557,2.3944444444444444,3.0625,4.3493055555555555,1.8736111111111111,1.8493055555555555,1.7479166666666668,2.870138888888889,2.591666666666667
Spheroidal,3.416713072452694,2.4046582519076765,2.790408373810351,2.7247607433237135,2.46050557307899,2.3813753705471754,2.3396017742343247,2.8953113397583365,2.577232403680682,2.6248359973542392,3.342237409669906,3.0819956003688276,3.381492521148175,2.6871370915323496
tt_1.0h,3.7895754971541464,3.4350784081034362,3.5343694970943034,3.5350350737571716,3.3114983616396785,3.2182988971471786,3.177667799871415,3.618821342010051,3.444984050001949,3.4279265594668686,3.775066765025258,3.5111335539259017,3.7740402948111296,3.513646249193698
tt_1.5h,3.741208118852228,3.3046967294067144,3.42112505575642,3.4219060479663312,3.159047847148031,3.0487443087622523,3.000512701459229,3.521340623497963,3.3163164341822267,3.2963001234456897,3.7212204155512154,3.393849471118301,3.7197951236739755,3.396795171312988
tt_2.0h,3.6994651672430336,3.201729828491807,3.33232428599149,3.3331983010284603,3.038111744914204,2.9146621031686664,2.8607591865584254,3.4445560430176556,3.214803663548082,3.192315135151148,3.675297867041081,3.3018001429736614,3.6736067766323686,3.3051013448275626
tt_2.5h,3.663478914182633,3.116016210988164,3.2587943291291595,3.259749037679285,2.9376204470172524,2.8038051216863096,2.745465642772615,3.381231652572751,3.130308071617037,3.105707274284214,3.636001897510141,3.2254248871468008,3.634089249651879,3.229032981209457
tt_3.0h,3.626517061609775,3.0290270750410855,3.1843425719998777,3.185381980612874,2.8360369172878563,2.6921941665932536,2.6296170414425433,3.3175365035422146,3.044550456572324,3.0178354284726083,3.5958949984051287,3.1480164863169193,3.5937692974694073,3.151944553013891
tt_3.5h,3.599964924156666,2.9664515224285424,3.1308330800384283,3.1319346725940704,2.7632275982759893,2.6124467900954187,2.5469525433145463,3.2719789408147335,2.982850241009146,2.9546338957734406,3.5671872277744114,3.0923432866111398,3.56491344794631,3.0965052116662264
tt_4.0h,3.5766377900727093,2.9109524372033775,3.083364757709205,3.084521973505616,2.6988266557455063,2.5420299540273845,2.4740303405560553,3.2317182878032327,2.928119129501283,2.89858650136739,3.5419850321486592,3.0429243156686425,3.539587952196598,3.047311073169112
tt_4.5h,3.5560054341331124,2.8612862648442388,3.0408583101816475,3.0420659868977964,2.641288568265736,2.4792081038467586,2.409026286099106,3.1957945371977985,2.879134275019169,2.8484340449795127,3.519743015989661,2.998696327675134,3.5172353354282677,3.003252299502492
tt_5.0h,3.537709068506956,2.8164994115941226,3.002540600951761,3.0037939161993563,2.5894468231126666,2.422704533673823,2.3505847617052495,3.1634812992997468,2.8349750824272633,2.8032268877141178,3.499995578546077,2.9587874291464686,3.4973889449611306,2.9635284282267094
tt_5.5h,3.521412086673081,2.775890160817653,2.967791521921754,2.969086323864758,2.542465531732887,2.371536973398179,2.297715767752379,3.134246662724763,2.794904028996825,2.762207095976919,3.482388006988913,2.9226046507246792,3.479691528249532,2.927482752595097
tt_6.0h,3.5041344822384417,2.73185722110793,2.9301344584673643,2.9314908827655017,2.4915579864755273,2.3161382391117513,2.240515678189695,3.102661612909287,2.751472113188356,2.717745528090745,3.4636882711201906,2.883399589918554,3.4608759083785117,2.888445483520627
tt_6.5h,3.491381083149463,2.6985739008523524,2.9017176968045533,2.9030925552360713,2.4530757823958993,2.2743046414107084,2.197337853256613,3.0788820390589535,2.7186454879119992,2.684137205593288,3.4498549993149936,2.853774973191321,3.4469860875979066,2.8589480188675225
tt_7.0h,3.4799574059434235,2.6680036475881934,2.8756346153095365,2.8770416527986526,2.417724257335067,2.2358993045054376,2.1577253811992705,3.057108659297228,2.6884960164316,2.6532664634287357,3.4374145912006497,2.826587899122387,3.4344766307622194,2.8318785820156336
tt_7.5h,3.469680650625378,2.6398520777001977,2.85166765935719,2.853104748763144,2.3851605276577175,2.2005540053360164,2.121298718266189,3.037162045016885,2.6607507816515863,2.6248359973542392,3.4262112248688936,2.8015782525762916,3.4232088741846383,2.8069943878799677
tt_8.0h,3.4604443232528865,2.6138895894400775,2.829576917923987,2.8310417314060032,2.355097675230354,2.1679477100260556,2.08770596049726,3.01884548086673,2.6351387766189873,2.5986154302954674,3.4161309944465756,2.7785445121116936,3.413050454109907,2.7840472208335996
tt_8.5h,3.4521595230326056,2.5898805004544556,2.8092133263126016,2.81070445664227,2.3272980228066444,2.1378172021359205,2.056680231820792,3.0020060348324478,2.6114807799458504,2.5743646691553295,3.407024802174419,2.7572834761813283,3.4039060599170625,2.762882476206869
tt_9.0h,3.4433013293892145,2.5634319903329015,2.7868253770284355,2.788345775101334,2.296635363716632,2.1046082978136837,2.0225017983466387,2.9835671721957624,2.5853989203460515,2.547647730913013,3.397273631300777,2.7338776695542037,3.3940921667963266,2.73959737457335
tt_9.5h,3.436758425552398,2.5431551011279225,2.769701768644154,2.7712600682862103,2.2731225732713938,2.0791540979407728,1.9963173354044557,2.969537505879998,2.5654271617531776,2.527162325568497,3.3900411939248443,2.715987660456449,3.386811294592917,2.7217904832214117
tt_10.0h,3.4308889345265925,2.5243686446920037,2.753896441310644,2.7554610539227724,2.251307331956923,2.0555635686032474,1.9720740616321564,2.95661949692294,2.546913862694055,2.5081809405237436,3.38352865120396,2.699430935550481,3.380235695745796,2.7052970961667597
tt_10.5h,3.425613150000572,2.506942000705749,2.7392641799524426,2.74084898782894,2.2310544340871274,2.033658502623439,1.9495782065205276,2.9447263940237463,2.5297457864508033,2.490570627618581,3.37765388796106,2.684104663785547,3.374336010310799,2.6900593298487365
tt_11.0h,3.420910628978163,2.49077617097646,2.7257316717877984,2.727335953619331,2.212247306946665,2.013345761690289,1.928738981951028,2.9337968388572335,2.513822453096509,2.47423228668049,3.3723937598988414,2.6699172472581267,3.3690364258363843,2.6759412703104317
tt_11.5h,3.416713072452694,2.472917687613517,2.7132210987620056,2.714843492023647,2.1947814878076315,1.9945017313584685,1.9094007136300206,2.9237310560420156,2.4990554451942444,2.459076162893325,3.3676783377304673,2.656785069499165,3.36426664236933,2.662876996677369
tt_12.0h,3.4122609994374216,2.4592244969680905,2.6994604473002255,2.7011028956621885,2.175473454874009,1.97367671597749,1.8880238309502602,2.9127280660904944,2.4827540377154946,2.4423363343812525,3.362655139993876,2.6423391588032246,3.3592201797291636,2.6484918175265193
tt_12.5h,3.409019737970084,2.4465327877551317,2.6889553661458194,2.690627691335976,2.1606550463475287,1.9577115466818213,1.8716654884628952,2.9044001433067024,2.470265733078122,2.429504923056811,3.358977367170155,2.63128894334659,3.3555111126042902,2.6375012025237083
tt_13.0h,3.4061511042527854,2.4347949186339974,2.6792840282432735,2.6809582044370472,2.1469198395498097,1.9429256413131952,1.8565317718312144,2.89675697311759,2.458709992002696,2.4176339115947485,3.355706574395299,2.621089255902916,3.352211388759315,2.6273652031086385
tt_13.5h,3.4036205071024597,2.423936992418021,2.6703671598806977,2.6720535969361663,2.1342076510190964,1.9292410961352289,1.8425419861450791,2.8897814541123807,2.4480319591239095,2.406644452828914,3.3528068982996047,2.611692752223462,3.3492678296752274,2.6180125335231423
tt_14.0h,3.401396222412586,2.4138996372930706,2.6621790481731296,2.6638808618299663,2.1224480378441513,1.9165748949162662,1.8296457100659609,2.8834161455743015,2.438163405749947,2.3964983792975545,3.3502451493404806,2.603035805746913,3.3466818695887923,2.609412824269384
tt_14.5h,3.399090262595564,2.4029063140042126,2.653234004508704,2.654949303716421,2.109499630983919,1.9026795495301485,1.8155081095173955,2.8765142573975027,2.4273571190424263,2.385365054011345,3.34755706647411,2.595087541732937,3.3444052692502737,2.600001998245716
tt_15.0h,3.397422316018492,2.394545327872038,2.6464781844988465,2.6482070605270565,2.0996602601371706,1.8921580407768488,1.8046584408730268,2.8713558819144964,2.4191347416490316,2.376901197247207,3.345633845310658,2.586412612348795,3.342041412834078,2.5928872199729085
tt_15.5h,3.395991546101868,2.386865867767483,2.640303464140743,2.6420557242818177,2.0906243789941072,1.8824422103352845,1.7948553240858018,2.8666911884211004,2.411596260499209,2.3691305723041296,3.343957506120205,2.579866122454405,3.3403471186757088,2.5863756365142763
tt_16.0h,3.394757505040616,2.3798460997641087,2.634699419606477,2.6364499307237566,2.0823116190731525,1.8735635592602193,1.785809579771012,2.862473632209003,2.4046950940974057,2.362025074660778,3.342503550928086,2.5738965054042637,3.3388770152814686,2.580446236766875
tt_16.5h,3.3936988352797925,2.3734374595806003,2.629613139666617,2.63137324526906,2.0747465561144054,1.86549310432747,1.7775980518199503,2.8586985897272825,2.398406891617924,2.3555270275101066,3.3412491362541914,2.5684767477214336,3.3376081939786673,2.5750560676679015
tt_17.0h,3.3927957895211875,2.3676168504171073,2.6250227000564337,2.626790656708181,2.067830777261406,1.8581411461345851,1.7701372778974473,2.855324520729482,2.392699511256069,2.3496292335912585,3.3401730065234005,2.563571614678949,3.336519245058298,2.570188330952078
tt_17.5h,3.391891995444894,2.361358953639865,2.6201125443913043,2.621891701593995,2.0603865520097315,1.850255576428026,1.762179538141936,2.851766784209758,2.386554386932403,2.343285967130214,3.339089209213853,2.5591450626961887,3.335422091651708,2.5649749198928475
tt_18.0h,3.391269229352474,2.3567021898925304,2.6164990412071347,2.6182874077931046,2.0548862465657294,1.8444239110685885,1.7562286257743835,2.8491657157428563,2.3819972262717783,2.3385662785731256,3.3383376779966056,2.5544439125806093,3.3346609631553292,2.5611340384930372
tt_18.5h,3.3907488440163434,2.352542018983513,2.6132878325879574,2.6150819179601967,2.049905942287296,1.8391608018428087,1.751080562826246,2.8468944635242224,2.377928433008492,2.3343432783149183,3.3377061276696622,2.550988483708352,3.3340210993774235,2.5576977720484138
tt_19.0h,3.3903171163983643,2.348842302337289,2.6104530948214233,2.6122519560158253,2.0455003236420453,1.8345627449452877,1.7464255024679005,2.844912171829492,2.3742955713532865,2.3306042975746095,3.3371792365796864,2.5479387012310326,3.333470171317458,2.554663531947881
tt_19.5h,3.3899616235867143,2.345577953848988,2.6079557202756405,2.6097748214378953,2.041645445395261,1.830581746995449,1.7423227871768177,2.843195806723088,2.3710887720808387,2.327278986107558,3.33674300275743,2.545248511247337,3.333027887158096,2.5520038115791976
tt_20.0h,3.3896711939014494,2.342706279363483,2.605803885962814,2.6076043364591897,2.0382357696071267,1.8270372203551233,1.7388493176549673,2.841721897944808,2.368288012687117,2.3243635683320463,3.336384708993137,2.5429022749885917,3.3326644860208035,2.5496715335175395
tt_20.5h,3.3893945938907564,2.3397580087184906,2.6035938286222517,2.6054197791963816,2.0347122815437615,1.8234434300102293,1.7354819062165916,2.8402413041330874,2.3654140983708203,2.321379109285772,3.3360415706411004,2.5408816812559962,3.33231631712988,2.547303416300565
tt_21.0h,3.3892137901857495,2.3376918602734804,2.6020547542721033,2.6038792403414845,2.032295512035489,1.821016971487552,1.7331612352281809,2.8392212842591107,2.363399983383715,2.3192841452546418,3.3358160643838346,2.5388396373018622,3.3320874185301363,2.5456410190090537
tt_21.5h,3.3890700610354543,2.3359458595514297,2.600765417329967,2.602583192754537,2.0302429227158427,1.8190439706668258,1.7312710280530155,2.8383732135407627,2.361690750811249,2.3175094393081963,3.3356359829194844,2.5374232097528875,3.331904567312449,2.5442321985028684
tt_22.0h,3.388956851325929,2.3344870726577938,2.5996849085204303,2.601511270273477,2.0286081973463297,1.8175360523164272,1.7298003709875047,2.8376763481646776,2.360262935515493,2.3160460302606225,3.335493542253971,2.5362477623857558,3.331759888678789,2.5430726637132466
tt_22.5h,3.388868525624275,2.3333045672625303,2.598799229133874,2.600636115297675,2.027290236670524,1.8163737235590816,1.7287213681265712,2.837110994849354,2.3590943636372685,2.314842755906284,3.335381979122758,2.535283335018903,3.331646541133523,2.542119319550693
tt_23.0h,3.388800287619233,2.3321932749822736,2.598087492864579,2.5999268707819283,2.026270543690771,1.8155536106787622,1.7280080607160926,2.8366588200442493,2.3581514577381313,2.3138741203583777,3.3352954909205437,2.5345040378160775,3.331558648031205,2.541350804269314
tt_23.5h,3.388739279471338,2.331483067944646,2.597428712528199,2.5992664573714137,2.0253956858068705,1.8148950058966875,1.7274833931587636,2.8362413672730327,2.357289316598326,2.3129838295280933,3.33521791594103,2.53388749063015,3.3314797952771187,2.5406386549584568
tt_24.0h,3.3887019651010633,2.330944745335728,2.5970155838876963,2.5988517706282437,2.024902120232582,1.8145713461562991,1.7272735773585737,2.835979276802391,2.356756867375225,2.3124385494738817,3.3351703374646604,2.5333291199058294,3.3314314261078835,2.540192678105086
tt_24.5h,3.388674082234502,2.3305470533668995,2.5967033794149756,2.598538237158209,2.024572462774813,1.8144012205302715,1.7271863049827516,2.8357802093960345,2.356358615681529,2.312036406714469,3.335134717170149,2.53298812918365,3.331395209301263,2.5398550014942884
