Angular_Width,35.0,30.0,43.0,60.0,30.0,38.0,72.0,69.0,36.0,55.0,60.0,50.0,31.0,47.0,27.0,32.0,58.0,35.0,40.0,40.0,25.0,63.0,39.0,45.0,27.0,37.0,40.0,41.0,38.0,43.0,50.0,58.0,45.0,45.0,37.0,35.0,26.0,29.0,22.0,19.0,17.0,30.0,41.0,50.0,27.0,11.0,35.0,31.0,45.0,61.0,35.0,30.0,41.0,49.0,32.0,58.0,39.0,45.0,43.0,45.0,45.0,19.0,29.0,45.0
Velocity,920.0,950.0,830.0,1950.0,650.0,1150.0,930.0,1020.0,301.0,815.0,2250.0,1364.0,535.0,650.0,570.0,825.0,675.0,440.0,600.0,610.0,790.0,851.0,676.0,1400.0,236.0,354.0,329.0,567.0,744.0,861.0,780.0,850.0,483.0,350.0,243.0,487.0,375.0,386.0,260.0,309.0,262.0,232.0,1383.0,680.0,717.0,275.0,393.0,561.0,628.0,677.0,702.0,247.0,539.0,767.0,452.0,920.0,750.0,749.0,1204.0,635.0,729.0,786.0,467.0,782.0
Observed,470.0,510.0,500.0,540.0,470.0,370.0,450.0,450.0,370.0,440.0,680.0,440.0,410.0,390.0,380.0,360.0,410.0,350.0,430.0,400.0,480.0,490.0,360.0,600.0,390.0,460.0,490.0,500.0,510.0,430.0,500.0,440.0,370.0,420.0,390.0,360.0,360.0,410.0,330.0,410.0,380.0,330.0,440.0,510.0,410.0,340.0,380.0,370.0,460.0,410.0,380.0,380.0,440.0,490.0,380.0,650.0,490.0,450.0,520.0,450.0,490.0,440.0,370.0,460.0
Spheroidal,468.19820913422745,,,625.9800253942252,425.2204022835907,,511.2527427030489,487.85802130664416,377.2545223238712,473.04643122002255,493.87339511775406,485.3269096371686,470.96489175453826,384.81570275249805,436.9854696432282,465.4473716996558,551.6487278030658,505.07334906346443,405.0206893339143,524.2063096176443,443.7652643161391,490.52371110663717,402.58260178000046,394.7995256122614,427.59742095359036,,448.24716654441517,351.6556055215435,469.9828186381968,437.9371133162013,638.2101609472907,530.2044217290508,473.32596337981676,361.3684844210598,302.2124743272723,405.3823444207831,398.78619725896215,379.71732282812,313.92865382180895,336.78830043990655,413.6139645630903,457.8435312845452,445.71267689593645,621.834227779252,436.1055197721247,,460.99742493018323,472.2437921074367,461.72480502350595,582.1076951425104,435.474105902178,305.97450713256256,579.5609463172616,642.7687384517127,391.73528589054285,515.3868652922691,,,507.56161660416063,413.33533635834294,490.1645538420716,349.20744696830513,382.80268713310346,427.50971628614894
v_1.0h,402.611174751679,,,525.7582601584488,429.8477794254839,,338.85565617687297,291.4577425706199,416.32906358574775,371.6577003563663,422.4629590657746,400.28033881722257,422.32251850931436,329.21296640767264,418.2258768393487,413.6848173800158,437.85571245805994,480.96937694942693,302.38304179517866,474.13303277759803,422.7536902835963,367.1515614560682,348.4899505084576,322.5380417447766,353.5992287890637,,537.6810201783902,345.5953268535184,405.3789363119853,363.8579932951738,488.1375617320413,395.5374102848437,435.4478920929121,328.05693382831305,305.03533643452124,385.096985942437,368.23984801657184,332.29883198237656,309.8803579653934,325.1613009162251,471.7652131197645,443.8904477310054,341.9680166462436,546.3100035371084,405.2786726738815,,472.22948744253114,413.8584630362072,325.7426452480827,414.4789697533605,385.10122877029727,319.9950981694856,507.71490473476393,537.6319504213529,392.60604724624733,369.28860143042647,,,408.37305798625937,372.56285454897204,417.7026708655691,328.7747872864634,328.19805110342753,327.3842106338886
v_1.5h,414.6730914279689,,,535.5795326973049,428.5707599650193,,345.7449151635432,298.5157658679381,414.89891637075397,376.7597853978838,430.473003514951,405.32265031771635,426.15110487757084,330.0964397425657,419.1145240052173,420.337393646895,444.51996259077896,482.8295622069879,313.11762473817856,472.27143812300955,425.1316983797329,371.4873137059881,351.7667638870338,330.34593742878803,355.59727467669563,,540.6694664976632,345.6345366469965,409.37573921541133,370.99727829220967,504.2235707128155,402.33960999467814,437.0025015176007,327.46272910674276,304.3762218766319,385.9416916361487,370.49238632986317,336.5505039101044,310.0296614609677,325.9413176988601,465.33321182002635,442.9443876925716,354.97716836397456,550.6015658979105,406.9861976431249,,471.4346589811678,418.566836161027,339.4582443553587,426.3790989764721,388.6457589735069,320.07932175990334,513.4352748426784,549.5601748128308,390.7876497949279,379.843751525971,,,420.07551219959385,372.44832749668814,420.26513573742574,331.8736321934218,331.18317924058783,328.5412874095926
v_2.0h,423.4463786112904,,,545.9435960688967,426.75701414828245,,351.9428651042899,304.7093962905427,413.31675201716786,380.78358534286457,438.930551869669,411.9664991223698,431.0411352444462,331.3361819771558,420.22398518606235,426.6689145289556,450.3732759984624,484.62696810095787,322.30606418359014,471.6846813021832,427.6531388658761,377.1840282214032,355.0072826735185,338.35795036204746,358.23989900067266,,543.3324333047789,345.67562326816636,413.83313029682256,377.1673750950376,518.4348086086565,409.3788836536972,438.1991574743112,327.3206570858754,303.7663052722011,386.91914390069246,372.24800728448065,340.90581518937506,310.05053747471067,326.8938316397165,459.62322325350266,442.0456410271316,370.4988706933176,555.0477426924326,409.7747187514057,,470.59993286548,423.8251560460843,351.10125310295297,436.7059728944643,393.4921505927166,320.1476117492442,520.4825886831309,561.7781359630718,389.18819549537335,389.95533088294553,,,431.2384553790495,373.03547979086056,424.46068860829,335.7575174219713,333.8946056378752,333.98624904193645
v_2.5h,430.7255408627349,,,555.2915433053678,425.80434536909456,,357.5956272294557,312.60432959305774,411.992678890607,385.5789257316195,448.8916044729663,419.27576168884485,434.4738094974864,332.4804285034047,421.40215796512666,430.6844284319921,455.6533796756806,486.34693020578885,330.35963704393214,472.53712429309354,430.9343450077541,381.4094768717249,358.1751001913052,346.39965112644023,361.4954405820846,,544.6843649716313,345.73035631348426,418.41180011291374,382.87746354681093,530.9084472800057,416.2924228825668,439.80257863425334,327.57903019224534,303.2269152518006,387.5278857585238,374.50284277572393,344.551879418981,310.21566210255924,327.8509572977789,454.69184869291405,441.19721360295534,385.2726386434539,560.4093255651986,412.5282904160287,,469.7324445520801,428.6702131564022,361.1798436860297,445.8393457678544,396.5448862569815,320.2018201828456,526.8209653457818,571.6025922266049,387.85284108771367,399.3846818334792,,,439.74838684717355,374.18963243540844,428.98414820347483,340.8501122336356,338.89553813348783,340.5838702767039
v_3.0h,436.87038835163185,,,562.4855517668152,425.1909940948907,,361.8504954452612,320.49455686814684,410.333337542509,390.26912898486376,454.5227028343795,426.79213422983344,437.71476797117475,333.9220306195157,422.74739943977454,436.4763099318484,460.4837234197227,487.98312197254455,337.51792667497466,474.34327960658874,432.951107147996,385.6047836973649,361.2770277656378,354.37032953308795,364.98404652366133,,544.3500506568785,345.75533498016824,423.13165388740686,388.31067817539525,541.9881871187048,422.9824271477172,441.42207268757426,328.1559580858456,302.761500634496,388.8518165932989,376.7029263444245,348.8793879031589,310.27511213731185,328.4474788621593,450.4994725911992,440.39671861580086,393.56403951144176,563.5764672807101,415.98872525092656,,468.8291939547966,432.38860108313406,370.0590851816616,454.0322488315267,401.35589509943827,320.23044803248666,529.8811343409038,576.4412812547987,386.79671978375507,405.91894182057945,,,449.99435037076125,375.2061811344523,433.519299864153,344.0021119800002,341.92539031250976,347.38564615881
v_3.5h,442.44591948060736,,,569.2703701675314,424.3137044712544,,366.80210319179264,326.70163759417323,408.53912784085486,394.0386051913401,462.8920848430694,432.89808550489846,440.7801705084599,335.79671735073543,424.1739202549246,441.98081478098067,465.02593815894625,489.53397579040035,343.9332077648894,476.7148199939291,436.31354135095796,391.0542936911103,364.35903869984094,362.16448402658045,369.24176354901084,,543.8753725559767,345.86907876760176,427.7995659296461,393.5382014747401,551.9454970185615,429.37881143185194,442.1302342819804,328.96568784541324,302.3763913262084,389.4877329331333,378.34652088537405,350.94689365022083,310.34402762934064,329.39490390977534,446.93252658030536,439.6768518695685,407.11031726874813,568.5949411252222,419.5816599190987,,467.8979471665866,435.9637540444116,377.9830466782431,461.50221764392944,405.92433735167083,320.23441843580576,535.2645690822751,584.0780502714459,385.99875968962954,416.37194978344263,,,459.8748934780835,376.8206259462292,437.8839674548314,349.1993205624233,344.918428618374,354.0591058457199
v_4.0h,447.74619804096807,,,577.2247601011334,424.1108538358143,,371.5217255483454,334.26902836389297,406.7366715093828,397.6916166916378,467.5872720572205,440.46539858554354,444.655405591409,337.58568902067134,425.5963776005674,447.2001875289234,468.4650840299214,491.0038238845878,349.73288209807424,479.45485296855,439.02852874962997,396.4234163787313,367.36849827549986,368.1894892351912,373.7387555297061,,541.5491452467201,346.01851809994673,432.38972725242627,396.77264162338827,560.9242289004637,435.5083714992105,443.7123022134851,329.9416499017659,302.03199030781064,390.5483970150413,380.4120059970927,354.4009011160356,310.55856667539996,330.326761330229,443.8064552992361,439.7415426585675,419.98860830194945,571.4394447279681,423.1811426775621,,466.9427077455871,440.28139451391127,386.4933029869322,469.6453827341761,409.4559126795932,320.2193098004391,540.154807740827,590.8857529929656,385.4249426642849,422.07964262843893,,,469.3718221136981,378.6399397630236,442.8547307552976,352.2850851558171,348.8437326830373,360.5973906727947
v_4.5h,452.6468812453103,,,582.9425047743507,423.7304578060605,,375.96619197919387,340.2110021258737,404.8182210054166,402.2123143815986,473.4975088075858,447.90853106382394,447.3573917367956,339.87733486366284,427.13695474637115,450.40423648372655,472.5413841874065,492.6514801066354,355.00968245163983,482.44317987662623,441.7197108567474,400.3050195352499,370.3584266254391,375.585648945933,378.54710456848574,,539.5166294171298,346.1854160283406,436.92737962257576,401.66467761564365,569.0192419175902,441.34658444159805,445.2742218945122,331.2678357369011,301.7900208120166,391.51405949161847,382.0046320817048,356.68782875836223,310.64594305430245,331.0782557285862,441.5617722134907,439.1679750857387,429.4455323153061,575.0666407143848,426.19204179303057,,465.968889639059,443.6568136069088,392.8831907399939,475.88935497376747,412.74483295785706,320.16254279782447,543.3241961412018,595.5070663654727,385.0351032462202,429.2182120912393,,,476.62284499014174,380.26733349688493,446.8028790066047,357.3168746212222,352.7831870490272,365.544567380709
v_5.0h,457.3622890033923,,,590.3629851936523,423.71044848484354,,380.25261027197826,347.4073652705569,403.2464923645603,405.8175466403486,480.2105689751834,455.27826230674196,449.91203890386015,341.8391554282412,428.64654337769457,455.2319547496114,476.42770058900356,493.9327775819117,359.8585294473387,486.25115856751563,444.47930167652373,405.329451067506,373.2794245079834,382.6228743930989,383.71491526623834,,537.8496508793085,346.36890356912164,441.3442408388611,406.4218138201196,576.3903798919272,447.9488664093836,446.4524609244227,332.45678305566145,301.56260705143643,392.59353698010386,383.92486118024806,358.94791857738574,310.8899893105962,331.9723504914519,438.87877292784646,438.713358558571,441.18160015113557,579.446588690621,429.76590166091944,,465.17641199720447,447.73594121587246,398.75579725757206,481.6546777533634,415.94842079403077,320.0797331078273,547.4862313380012,601.2118991210706,384.7853168112151,436.1652532264387,,,485.61291303800346,382.2392229542145,450.5193320173841,361.2457144259174,356.41895322820375,371.6551420322844
v_5.5h,461.80386027262847,,,598.5137518138569,423.9194685009359,,384.322320298222,352.87044204721104,401.2776402826157,410.2271361876857,484.0501595621975,462.5287388202705,453.37098902203275,343.9906379443091,430.2701593462164,459.7965831285812,480.12878078418174,495.1357416972794,365.1834556377512,489.5123320271835,447.7898033114438,408.95286512798515,375.6031699005614,389.48087778566133,388.4144016253314,,534.6725127939266,346.5874795064242,445.62896958255493,411.03511291270263,581.1377709155284,453.2322578741687,447.9671759722245,333.69352642940237,301.4538602746947,393.21962832928995,385.3519612354104,360.910246701085,311.0277938448714,332.51156027818064,436.26315467616075,438.3649798836626,452.32822617301395,581.8492082661885,433.29773680309046,,464.208484470517,451.6959579573653,404.18802027979746,487.075155008856,419.65395200450945,319.97221396461345,551.3210649776227,604.0505093350877,384.72452154118656,442.4369218171377,,,494.2414649592902,384.25297125587304,454.107050977471,364.11232303485883,358.9885105985542,377.53931982724606
v_6.0h,465.0087393501275,,,605.6051197904251,424.0454998337489,,387.5725694668822,359.5972534453565,399.27613025873706,414.58919226335763,490.659434865173,469.71761970066416,456.44999066520217,346.6882309633519,431.937298621919,464.17168103022,483.72973365410536,496.25613224374666,369.28525045230947,492.7631179395054,449.79675035342035,412.49151233449373,378.5261477320244,396.022627482282,392.53324104278306,,532.884216409547,346.91725412018604,448.7173367889545,415.50245226664987,587.4920796543629,458.2859978398265,449.4498945351906,334.9493892043683,301.30398145412755,394.6359986797446,387.1146402653369,363.323350038283,311.2936152194287,333.34570014347827,433.6671810641977,438.1895115744428,458.4591014099589,585.7710595444705,436.80348884822104,,463.3540071175133,454.77933862377375,409.2234054938912,492.21604983592937,422.5700019102595,319.8368112779883,553.045095375028,609.0152542107568,384.94023883749435,446.86634214911186,,,502.6698834507241,385.61310706355596,457.5476460917476,368.8047338942844,361.46065162638087,383.2168624935303
v_6.5h,470.26412152675,,,612.8123785441636,424.3296937500202,,391.43062363084465,366.0947669834748,397.33189204228,417.9915805249371,494.92523633865704,475.3666384997923,458.59514487110613,349.46474497052964,433.5674095737648,466.769420750738,487.1642354772682,497.29105556603145,372.2587238021724,495.99472036173495,453.19747140703555,415.93645987503885,381.454970906091,402.31574246428505,396.8738922975855,,529.6724844200069,347.19019523061655,453.86112629842046,419.82670905329934,594.4371258547417,463.113352649162,450.13047426570904,336.21116232483456,301.31289002523823,395.27008745342795,388.77226449159156,364.56066706768996,311.4203075044189,334.1120332323913,431.0613593646139,438.19962607809265,468.7316076034651,587.932186577418,439.6010748419424,,462.6212860379604,457.7246640337125,413.9425394489614,497.08587253776307,425.2958249830663,319.6598799215343,556.3899637181086,613.5863893732808,385.4272655085874,454.18079723100595,,,509.06106692989306,387.6634450504482,460.9085195343263,372.4478493071027,365.71836798941473,388.6848501465361
v_7.0h,474.2227212644077,,,620.8416872959408,424.89961614658205,,395.1905700170944,371.00613519102086,395.45653985010364,422.23533516517443,501.3921988019814,482.5518413565672,460.6706009606325,351.80468015807116,435.32071356137544,470.82129642953464,490.53965467731757,498.25660711075574,375.97016510015436,499.1966319110407,455.93645229563606,420.41248226145296,384.9721271704534,408.1882134239481,400.59136620234864,,527.9112520713053,347.4619908570379,457.82082879139773,423.97885051056386,599.8030378637374,467.78840814545606,451.59288894713205,337.4653377741945,301.319555315937,396.32202058119805,389.9679238179079,366.64136669847016,311.5927365798636,334.6640184113113,428.4353474239408,438.35900330970554,478.54222849421143,591.5696652807583,442.98592719259784,,462.0074294235383,461.24862796802256,418.38753046334114,501.6997365839124,428.55796074524557,319.4571615752892,559.471355471391,616.6709330624755,385.78358054243597,458.15879568913005,,,515.4727324810077,389.7720050724086,464.1687208174558,375.99558920833425,367.9541084215917,394.007693454191
v_7.5h,478.1790814766674,,,629.0772844241249,425.2204022835907,,398.91735016799106,377.0953606666296,393.9940198881495,425.4816012411781,507.52393654929,489.3695335090367,463.39775480662684,354.0774094775471,436.9854696432282,474.7013892607936,493.14614603500365,499.15007827449716,379.4965125723783,502.31317099081497,458.6118597062579,423.61060153974324,387.9095829993318,414.15808146720605,404.19439201513194,,525.4693786020337,347.76324329768966,461.7338649123354,428.0276347993313,604.7652498408418,472.29578847112776,453.0188008570761,338.7096290596373,301.2666065051801,397.29073387348535,391.4590989660403,368.11922888122973,311.8740252394564,335.30085365417796,425.76866225880786,438.69746286407207,485.806771011005,594.2084026743104,446.2631137102081,,461.41990495333323,463.97567142104543,422.58148506010536,506.14168106731944,431.1953218366477,319.21937452137524,561.335575263897,620.5905407008472,386.2506868805979,463.20648633887214,,,523.4533109714026,391.55690034761363,467.3341116887796,379.45171359833995,370.8765690717462,399.1254219823778
v_8.0h,481.861655060316,,,637.7340120805713,425.8787163235734,,402.5457996858896,382.873203546717,392.2185428129844,428.81598911494444,510.96514611068153,496.46293162828255,465.3319340914365,356.43450479000984,438.723639449271,478.48098491250937,496.3200144364908,499.968568130836,382.9002637339604,504.8104266473501,461.3701628623041,427.8939265920621,390.8333000812997,418.33577513656104,407.39323083788526,,522.917048510958,348.05937083014817,465.45683000520677,430.3980352683373,609.377441521658,475.77512033479405,454.1066080285386,339.93845050569837,301.3238548276672,398.34663127345715,392.86997720686554,369.9394615108154,312.0489499752878,335.7697564226613,423.0539120022431,439.4866785704076,494.71330792930985,596.0947443542422,448.85570654908383,,461.0444663076683,467.2524361049356,427.3668553361079,511.2308950179031,434.24849990098005,318.93670492575137,564.0094505897362,623.5710054888463,386.66680475953706,466.7814614513929,,,530.9656236106375,393.73119675134444,471.0031641775044,382.87105211798144,372.9214292973801,404.09820350047846
v_8.5h,484.61151868338175,,,646.4026653357724,426.46622296819527,,405.37362880073465,388.53170837214515,390.5266370804368,432.7754181305995,517.6981376071902,502.99517771578934,467.19044657696975,359.2593870391922,440.8496469901558,480.85332690809406,499.42541959947874,500.86409314520995,386.1422696382792,507.802691229854,464.79687983404267,431.9397808771911,393.73435852595196,423.5999439972737,409.92044041190115,,520.3526045654385,348.38270552592695,468.17917848887976,434.2288213812389,613.6558333327218,479.9559341537913,455.4366721133891,341.38816727859705,301.3072149253395,398.96028422951235,394.2055133921587,370.93161089604143,312.29875037023874,336.1540634073534,420.8664616133085,440.1308812705469,503.2523726897845,599.3007787718815,451.5244412718306,,460.7620521277368,470.4032231045678,431.16263803319606,515.2999227892989,436.1415694156709,318.6305168423195,566.4702661249003,626.0420985824694,387.3173566759132,472.8692636294317,,,536.7387643152134,395.77534156374867,474.01561658311545,386.1401670889557,376.5470523011709,409.85709392233133
v_9.0h,489.1865918518525,,,652.7934226544675,427.20347675083775,,408.8652766877965,391.71258674177363,388.9263360304072,436.72479738827025,522.1673992064965,509.4117887789199,469.00319714498517,362.16424900996896,442.27017496042663,483.00502108088426,502.4698309247966,501.5432274646142,389.2885217282129,510.6951194054224,466.83412399957564,434.8940921219559,396.7062704721502,428.86146728596793,412.65020053078274,,517.6747203498071,348.90115940023804,472.70912707184135,437.9371133162013,617.638218699908,484.121565506941,456.79024536568164,342.5723878678589,301.40657760759905,400.3458246082102,394.9111583389165,372.6017344816239,312.4796292476121,336.6178097131846,418.10975310428904,441.04457941063134,508.09658293178717,601.6447663836949,454.62880764614556,,460.56166052927836,472.8336951876212,434.8054046794549,519.2180594036698,439.1010929692455,318.4222095398646,567.444778157206,629.2241750538951,387.8881934115668,476.1309042871933,,,543.8991616012861,397.24607588922447,476.95291061141495,390.16599762916053,378.4021990673443,413.45117161797856
v_9.5h,492.67711233163857,,,657.1268976631385,427.9060418118366,,412.2589736542863,397.0210293531978,387.36168394775706,439.8215388679075,531.0218183060696,514.2192260545164,471.4078322746589,364.4603370440331,444.01912590731655,486.5078864356393,505.47808475437614,501.91655432500613,392.34859964466614,514.1789083212142,470.1311274232149,437.7933475723631,399.5814505080817,434.1861591375145,414.7345492315112,,514.9008833643198,349.2309886431043,475.31085187257816,441.6005129510545,621.3418262062412,488.9108115834001,457.8092846123206,343.7340240262302,301.43278814806246,400.94065891025826,396.1362437613335,373.8353793567687,312.6649681417683,336.88906140512887,414.75763329177454,442.07500251546514,515.7955369667744,603.9605675673814,457.70180680205243,,460.59354925730906,475.20723002052165,438.3550967050638,523.0529649462744,441.5023942262613,318.02204215412263,569.630378344108,632.174617766782,388.5926209236746,480.42921709875645,,,550.6461905826833,399.29514212362466,479.79816756718293,392.51506178091716,380.19148380053593,417.97873324098333
v_10.0h,496.1181210124836,,,667.9047222159935,428.57680377920127,,415.63199327630497,402.15451949260375,386.2236182545189,443.74698531816307,538.2875506451642,520.2695626335653,473.08671846674247,366.7797658031253,445.7822249625724,489.87805727700095,508.3604960967398,502.4915118106185,395.3375639154369,516.8653822172935,472.9002445295364,441.5440976127765,402.58260178000046,438.3880640758968,416.5134265085289,,511.9337569031918,349.5837571159556,479.63483618727406,445.09571835262517,624.7704016732437,492.7498615139647,458.683874473601,344.87283656171394,301.561449641956,401.94641756706835,397.3062967794827,375.0801571377249,312.9530073943805,337.24351576235074,411.9179928136308,443.19561382619634,523.5379675276772,606.077255162995,460.7512479806848,,460.5226335762498,478.06757446039666,441.77100293188937,526.7987518166517,444.35482038017284,317.59982709675285,571.6464569313556,634.0975766881663,389.24272803171897,484.6998826060925,,,557.4254537502121,401.4510338929092,482.5825541500708,395.61537481516086,382.56240000071875,422.3984669032737
v_10.5h,499.50903969626626,,,674.6803087861066,429.3419817178345,,419.1251656652267,406.027396748426,384.89918343784433,447.50509950766894,545.8139625020253,526.5429506866434,474.7369812199505,369.616350755516,447.5323428237858,493.1050543167871,511.1544145727831,503.0122124717651,398.8248602738687,519.6593866005106,475.59392092655116,444.28656132541977,404.9566799343426,443.61094835569486,418.44334486108926,,508.8637998577416,349.9229807664951,482.8960044560293,448.555854177501,627.9103007163238,496.52634213393884,459.93367114984477,345.788455626985,301.71527151025055,402.89845134989986,398.1394778418013,376.2650697662809,313.1059786131061,337.48978116940265,409.10120784200745,444.372990361575,528.7092350523554,608.270884168213,463.30969498743946,,460.5008898594968,480.2850471010225,444.2360132081328,530.3682152062834,446.5853978615331,317.12400462480707,572.7576957507101,636.1659443723889,390.02096333335373,488.6560874454697,,,562.2449022351057,403.24316699078173,485.278685332267,399.4164925429423,385.06911597708677,426.703002990862
v_11.0h,501.84938906760334,,,680.2302170125956,430.1850352223658,,422.23791074994136,410.8078683732903,383.579589075313,450.4787884575776,551.6429836089847,532.4419651651729,477.1101891878915,371.8081920690461,449.26638457533977,494.9827146007629,513.426758336384,503.482654129175,401.697204363151,522.2523584591398,478.27460544071283,446.9740413523204,407.88780481241474,448.57754597183776,419.77695267638893,,505.6294838786186,350.27899544704127,485.31196293056905,453.0671040471808,629.6336273453508,500.2291701539286,460.9092009891004,346.858306838008,301.79981302036873,403.8864853222184,399.20726280929205,377.73381436186645,313.39254747429203,337.60862737215325,406.13547727141605,445.57229559135516,535.7272981949797,610.1562115085878,466.237717896115,,460.5059716471294,483.01763101606076,447.5196196971867,533.8399769315868,448.8706462685447,316.6254222768158,574.5161224004553,637.8232065213355,390.92561002522575,491.481296839281,,,568.6995955420629,405.3798697751562,487.9893441150358,401.64097939390626,387.23880512915963,430.8318234863776
v_11.5h,506.03691917521144,,,684.5912680160178,431.03920879341706,,424.90691444869617,415.5792091702845,382.51627605729095,453.4754333558261,558.7444018740131,537.129671203392,479.21691483951696,374.6295265105866,451.00207810145207,498.0808999565613,516.1755356611048,503.90557432450845,404.4442474481473,524.7122371270351,481.4598164037985,449.60048394371444,410.7344334139612,452.9341338138526,420.8815842333272,,503.0911694988185,350.866666027109,489.3530222119813,456.30475048158894,632.3685247849788,503.89135043475915,462.1462831087106,347.87918914422727,301.97002345744454,404.4659173303143,400.21200124729626,378.5951015473664,313.5672917629959,337.84051994017733,403.02651984142483,447.1660003130796,542.0560895286737,612.6097149479909,469.0338383210343,,460.52660534328555,485.63368983238064,450.74438121769214,537.9145870350694,451.60032995152267,316.09578799677934,576.1244238758984,639.9993104722616,391.73528589054285,496.41747375850827,,,574.2186362353478,406.8135162825508,491.2430591711437,405.36608508427906,388.74768203317564,434.96611482588935
v_12.0h,508.48091841934746,,,695.381045750421,431.8467644963624,,428.33195288463014,420.27506363683113,381.4936419838276,457.09457465877506,569.7600359337791,543.7680242206596,480.6859119624673,376.7922654023595,452.8280775540896,501.1178358941897,518.8827302964264,504.2832502037267,407.2078369236562,527.3238862346744,483.5315124954451,454.0044235240041,413.5724705869124,457.25436668522536,422.247733889215,,498.5782626552685,351.2363722096006,491.5414943378471,458.1120806845521,634.8287195016945,507.53546892279405,463.3571134426436,348.85051574015097,302.0673438530303,405.8059549218891,401.14531708742214,379.9872240304193,313.80002045562003,338.0675559476503,399.7876203535192,448.31288676722215,544.9958954065938,613.8617719111156,471.9190762835266,,460.55892506699973,487.6917401904739,454.4800288286458,540.2043548677093,453.7893705068666,315.5394709041186,576.6397937569209,641.9370122283697,392.46494477401717,499.0343776508689,,,580.1984476431073,408.8973556363115,493.2734553630829,407.50056887067063,390.20130639295996,438.94732521923174
v_12.5h,512.3991625361614,,,702.961299258079,432.60606877700525,,431.5278295174973,423.61771201230556,380.89807890276825,460.658409338007,575.1000996393043,548.4046707265924,482.12250588939423,378.917723785549,454.4403930287064,504.04930217622035,521.4981809601895,504.6805787079335,409.8663483398388,529.6503139575033,486.0163176193828,456.42296719534386,416.4361392733188,461.01243463714076,423.21267971738627,,495.75229792318544,351.59394651757896,495.41186574953934,461.2435535736925,637.4210582513005,511.11781511851234,464.30251290994784,349.95402647614225,302.2265820994509,406.37776644249055,401.78070460899994,381.0507140713139,313.8779218475099,338.15514407241733,396.3815415669468,449.37839464358643,550.3967438428925,615.5106394694617,474.8670084801649,,460.59953073679696,489.6400066070029,457.5417285924405,543.4025363400186,455.9587108474886,314.96087021252674,578.0127309216822,643.102733487931,393.2084843702993,502.4751045371834,,,584.3640794636781,411.0019575973531,495.96895601478536,411.0222837370835,392.9450038763653,442.91017285958543
v_13.0h,515.565708025972,,,710.7307536629264,433.5195623918631,,434.43121870339047,428.0553039419792,380.28320471412104,463.31800503365605,585.9162147427398,553.8699216327497,483.53203483589954,381.75629412328465,456.30234685004655,505.7360343909332,524.0609480842452,504.96848068424805,411.92538498013187,531.8191952883542,489.145531039564,458.91546077142385,419.28873450182647,465.4357679170454,423.7470020963059,,490.79184155340255,351.95184970108244,497.63816553586514,464.3057732100543,639.33213565468,514.2995632160042,465.12198344809553,350.8169797002813,302.29604706819964,407.3396434041492,402.4411480273869,382.08997851071626,313.937078236044,338.3311350313188,393.5046423670675,450.41171178438174,556.1966710122497,617.2128445163972,476.9515463295727,,460.6454930666698,492.06086808027595,460.56499539988937,546.4340756530074,458.57700405598405,314.23700832772016,579.2464597483274,644.6788666846935,394.076595021081,506.1401487505835,,,591.075556564488,412.88252407291935,498.3737254482135,413.7673325032599,394.292266456883,446.6385227934834
v_13.5h,518.4736323621535,,,707.9107964319467,434.3163889210957,,437.56167674501177,431.77124121295935,379.6236685396502,466.65014812942417,594.4301085999333,559.7090092256549,485.4151662156163,383.87136144874916,457.9120919186886,508.5249107407828,526.6532710466765,505.2202102041498,414.53094898184577,534.0646399060814,491.1584111054997,462.1890133274971,422.77805098477234,470.82764011399524,424.6167307673835,,486.65256375541867,352.3240985032766,500.3344323504706,467.2810902337464,641.0603848033593,517.5134981597936,466.2576015512711,351.63332260448357,302.4435192136658,408.22727874179964,403.21655874410766,383.08437783999983,314.0507681643196,338.41223196084843,389.90213193489234,451.4170245080378,560.5047482938747,618.6881463094434,479.8174722337574,,460.6943420911698,493.92559950325233,463.5586943573189,549.3985241706788,460.60733005132016,313.61632651377937,579.7772229472187,645.7744390421686,394.8504210961053,509.4056720176825,,,595.9882937865706,414.91425545023617,501.0326606107746,416.5801754227961,396.12176316726436,449.5653957584288
v_14.0h,521.6727861873043,,,717.9054928437508,435.42713912798223,,440.7028528949745,435.1812157414655,379.233804983475,470.04134113496474,597.6770787856094,567.0647743821006,486.7456796623891,386.45795930607306,459.691583247036,511.32435667045047,529.4696121709515,505.43870310771973,417.0823881525694,536.7080624321857,494.1562408865963,464.4787660100748,425.5149680937767,473.032435788564,425.31231394501884,,483.4186755477069,352.6955418617565,503.9964837290543,470.19111228585297,642.6943261692505,521.6146409325158,467.1884514527379,352.39961105243145,302.56744851657817,409.19720820107676,403.718774448027,384.2711699146157,314.0237050504545,338.6211741989006,386.26822177996183,452.2796973276511,566.2212340611447,620.560723323649,482.21663191975887,,460.7440434264945,496.16594635213664,466.50185525190443,552.2994079596699,463.1970012637041,312.9886227527189,580.7840827730573,646.5764992988842,395.5775097510141,512.0080987425832,,,602.849926042806,416.94518012414693,503.3539614274255,419.22830844620376,397.3950091758435,453.21556386115435
v_14.5h,523.6534101795293,,,731.4834130233431,436.4089426514183,,443.41796719128547,439.2293546965796,378.75097826290903,472.2395514228971,605.6880732518324,574.1904694504148,488.05210851041494,389.1004788193267,461.8190790024681,513.9741735953291,531.9986667877303,505.6268945029439,419.60515433288657,538.6533230892608,496.06711147448783,466.83687498677386,428.1409881798779,478.83274915257346,425.78549886671806,,478.0128653540318,353.315092843622,505.8688120751653,473.1045956480566,644.2018982863676,524.3513465471987,468.2863417085536,353.1147653491356,302.5999725555811,409.7411432159706,404.38959014553564,384.96151257323476,314.0660386414799,338.8238695726626,382.672573142956,453.01624410783637,572.346294041177,621.4843715924512,485.10367614351816,,460.9590524484944,498.3644994629376,469.312372789117,554.9630481602013,464.6618011237629,312.33066345722494,581.6721103681629,647.6877944229191,396.38535470416093,515.0319420567806,,,607.4605344722398,418.5250880171288,505.85266310447776,421.8179357608958,399.8457370724178,456.8158426669787
v_15.0h,527.4320659599178,,,727.1189753640157,437.0072922138588,,446.5381060000884,443.44486498129305,378.5588029242069,475.2864609522394,613.5879047616593,580.813676535081,489.8232520590431,390.64841335302117,463.0962679866305,515.4805847566948,533.8769362841567,505.78769095069543,422.1112167430271,540.4358793454716,499.16021710173914,470.0249246395858,430.90842156358,480.3392074359618,426.143142694803,,474.8568432796259,353.6902267039219,509.41355294836353,475.8981289698269,645.5662159970587,527.6558082437729,469.35984921558264,353.782865721187,302.7030956454766,411.0067047929258,405.0057627500507,386.0759517603022,313.9611449084546,338.89089213958994,379.2050188852501,453.77670559933244,575.4304113668264,623.1229298638481,487.1139346722803,,461.0159532810209,500.0702898922038,472.0836541121958,557.6501880011974,467.22271519802086,311.6870740543442,581.8041169287269,648.6919598349924,397.16291245561314,518.3767282465196,,,614.1198490123357,420.4656594320632,508.34828530756675,424.475380078812,401.03647310287204,460.3921867759419
v_15.5h,529.8755841379993,,,747.4155122448949,437.9912559306757,,449.77594965588264,447.71253679901946,378.3750668514414,478.82930874995947,625.1471629140841,587.4638140818287,491.0752021918251,393.1344847103811,464.8221964804414,518.1200426087029,536.1525596812716,505.9239402941458,424.60363929231846,541.84242342085,501.4107372517857,472.1299455914688,433.3069895196399,486.3517823057457,426.68924293824085,,470.77550517099854,354.05664583108313,511.2283247792485,478.59706656120267,646.8814613557857,530.1893658093652,470.2285350786018,354.4016731699936,302.71453031508463,411.5543567053526,405.3809792900698,386.92621499735634,313.91222940141637,339.04198377853345,375.9419981440655,454.56804949393626,582.53395550256,623.8707852875827,488.84955397479393,,461.05994626814123,501.6759769979035,474.99048152431527,560.7407622232402,469.0829505464388,311.0324673929565,582.5246937160148,649.2038368176467,397.8817961055891,521.6866215753652,,,620.9979546437321,422.45545030434425,510.97067530578545,427.0702027304545,402.19517929642,463.9477310925251
v_16.0h,532.9923595448292,,,741.3588905457777,438.9254696299621,,452.7782288436351,450.60482916318983,378.0569947624187,481.01311594954205,629.8490760623675,589.9976179612848,492.3012817754203,395.1973909000871,466.56993111235244,520.5737690002044,538.2128084510521,506.03826064333236,427.53409399393394,543.4183721759307,504.1305271445464,475.26010499211424,435.7484086761959,488.0877883669614,426.9415752874969,,466.81746935434745,354.41685740968444,513.6455176987525,480.0503738008204,648.1561465565139,532.7266566904485,471.2495706880253,354.98405509229667,302.79769476144406,412.48128535252874,405.9037495708466,387.93443005110015,313.72197468303364,339.22378500785635,372.97231510096884,455.1808222468626,585.93942637259,624.7910179577598,491.60733375102956,,461.1020270225636,503.67038526668466,478.26266545420634,563.0696118226065,471.4525668870088,310.36053908703076,582.6801001661169,649.893705581221,398.7446539031258,523.8143805601516,,,627.9196655524406,424.4819984461857,513.4098714156285,429.69587091942986,403.78602912097415,467.4920289671333
v_16.5h,535.3094106601931,,,762.7067343145462,440.17332657224824,,455.42851973114296,455.24296333703376,377.961328506768,484.611724806095,638.6295785299352,596.5677421336575,494.11800467530463,397.6654323064981,468.22689443859616,523.0880914301616,540.2843378980166,506.1500975049915,429.9502666185627,544.8923463732259,506.36572062514193,478.4291701930539,438.6225393594699,494.7025121581378,426.98556779317533,,463.3172735948846,354.7832363810649,517.0242359283793,482.77719815815567,648.6636629483701,535.4527951889492,471.957038112512,355.65794039075405,302.7911594299577,413.33011497763147,406.38019561316867,388.52052545394145,313.5384863016099,339.2757475315072,370.3980428024582,455.6274071702509,593.2242256721966,626.0253988027342,493.8712546504421,,461.14437477766705,505.22665769813483,480.8356237775276,565.2752053690798,473.22089270870055,309.69788398700337,583.2349926785397,650.2656194982508,399.44234732006583,527.0570531605908,,,631.8446391991669,426.3395243022382,515.7886360907478,432.16702341716996,404.88763430690784,470.91760649077025
v_17.0h,537.0618910049145,,,756.7598079376547,441.1623943562032,,458.06256061548766,459.02473623291525,377.90613074887005,487.7163389815475,646.5904086373706,604.5433111251539,495.7145905975803,400.1315816931051,470.1064637437383,524.6780846954701,542.4408259760988,506.2251357122297,432.241071780011,546.2823184475764,509.1853419875304,480.3991641139344,441.4530926062325,499.44933230623735,427.3891838885721,,459.39230567929235,355.1612986161383,518.7337503241984,485.30408766030297,649.8638375304391,537.4025634695785,472.7190745851563,356.1991651599621,302.8622264527045,414.25148778471,406.8195484652997,389.4389264931632,313.359692980445,339.45357088017664,368.5447976461164,456.0689646017685,599.8522761592806,626.4616231265711,495.67622645707144,,461.1853779849381,507.11038546528647,483.65673982098,567.4888025261397,474.92616076277903,309.0312402193743,583.7037971864222,651.0614672034958,400.1585771356909,529.6999893543557,,,639.315805368119,428.6535048244287,517.7690775262442,435.339663510154,407.04866341621084,474.8525153997908
v_17.5h,540.6470945761686,,,780.3266680426585,441.82166752555264,,461.0238160675958,462.4079784246915,377.67179686054067,490.3038192935115,654.6054901234868,612.7163085091205,496.84390213076256,401.3307010141077,471.37542826730675,525.9980409909737,544.5260305995834,506.2861537688049,434.54985872947043,547.6192905622748,511.12807283843455,482.5827280033827,443.67734990950726,503.53102692717755,427.7263253913825,,457.44302944494376,355.83395671508924,521.7570837198995,487.9431907588495,650.9478592656817,540.6661718432538,473.67659072125076,356.7208772181709,302.92486710887266,414.7787665940251,406.9820741510643,390.1437674540209,313.03564115211014,339.53159491863113,366.7049700217992,456.4013357256363,603.5206901024668,627.4410334842715,497.8530265375983,,461.223878543054,508.88355649788315,486.07237068219143,569.603807315585,477.2679998929972,308.45458040946846,583.6828278394826,651.8054026956579,400.827234096426,531.6504033230549,,,644.844853178559,429.82221794207953,519.7605009172541,437.122491834632,408.0806400088222,477.37069305990485
v_18.0h,542.380650150018,,,790.4225879949935,442.892531771154,,463.17734737475786,465.4227797200558,377.636085949375,492.2191201202655,675.0775818753498,617.2710228324372,497.9503219963843,403.83014737455926,473.1035545819373,528.3491640259946,546.3834465677018,506.33527451814143,437.01004551739146,548.9204076560065,513.747696486279,484.8851979965973,446.65115886986723,507.96510874657434,427.59742095359036,,455.1057472763577,356.2323291855634,523.4449644066482,490.3604566937754,651.9111776559678,542.6105942899313,474.60135892062556,357.2224357724525,302.89090034837045,416.0219877965765,407.36622090264433,390.80214545899025,312.75236996465554,339.6934918415408,365.24340132081437,456.6884435580059,609.9812055563686,628.0028675565068,500.5025068744694,,461.2591544870538,510.28015964184243,488.78885686496915,571.5866872330134,479.10673606132167,307.78982355140266,583.9561804133655,652.1441928620442,401.4579793462389,535.379027116991,,,651.004558128647,432.16957917368336,521.8836331896259,440.24279852172765,409.0858830695396,480.3579812283216
v_18.5h,544.8734851959991,,,783.7155014621305,443.8704583399468,,466.3970857058784,469.4762110468755,377.43878189691566,495.64546287553316,668.9316688368466,621.9982719894066,499.0344918136645,405.9537695142233,474.67122305668687,530.5799696197777,547.8488601962038,506.3744113954271,439.15759032109185,550.3567251885876,515.7762285602623,487.4547680920736,448.906399734275,513.0485174005812,427.83791188212825,,453.2161187367364,356.65039486395506,525.7174359782979,492.9343432707085,652.8924462941028,544.7585099904952,475.28909745784466,357.702399873808,302.92377342932446,416.92058523177076,407.71750705399296,391.5840108078465,312.4102907116168,339.90381271729683,363.91026091182437,456.91656589073443,616.5019965971087,628.6290340108806,502.657210722752,,461.2908241082505,511.57173128412495,491.2415119516992,573.3750187502549,480.77458057664535,307.13548377122976,584.2405910788606,652.6474277956937,402.05722254469237,537.2013526829408,,,654.7263327757782,433.8491188816881,524.0316824142427,441.7618109614168,410.4703546465373,483.5302335876322
v_19.0h,547.4060168124197,,,784.2750432292648,445.1876245413399,,469.3613822504062,473.35238555435444,377.42544280717993,497.936744874343,680.013417217311,626.9475307273019,500.4932641056776,408.3751009752848,476.2230544734909,532.8678660816814,549.5390430660783,506.2987755733869,441.48813290748933,551.3991218108703,517.8833082971198,489.63136975928154,451.7254046762879,518.928189792803,427.9871869281679,,451.7185682731649,357.0903938055579,527.9893414227435,495.24974430507086,653.572209388551,547.8638931996273,476.15698930652565,358.1604752714157,302.8826513427351,417.42708158619996,407.8903088936162,392.15901655043143,311.9422701639998,340.0168812791705,363.0980122067241,457.0755865100004,619.766477791131,629.0856706216055,504.4192068615476,,461.4931519059012,513.1028296335852,493.5780906153763,575.2905054107205,482.50239570586564,306.4852857228764,584.1229305474614,653.206317025625,402.52788109159667,540.1391347751122,,,663.3342418530137,435.7288875352846,526.0527240092848,444.2009476731318,412.05382872319603,486.8212738210185
v_19.5h,549.1194075709925,,,795.0109199493837,446.4113627279088,,471.1006035205163,475.40799379322226,377.42036338563867,500.11948526990716,702.2835689257201,635.7738543294528,501.52221259495343,410.7389927193194,477.59198915104,534.0745211685506,551.0732560908792,506.32443203415636,443.12945806892355,552.3108603492366,520.1787695978147,492.38417950923144,453.840781362639,525.5212616425601,427.7794218654024,,450.5043980235481,357.5452998815469,530.0145269321354,497.6685308963992,654.124844405404,549.8713577801425,476.7459728252173,358.59943368306136,302.9027758268005,418.6182666022708,408.18591057444695,392.70381763351503,311.5222821218226,340.2403875641921,362.49781668287,457.564978768149,627.8093290284817,629.6001103662551,506.2426819505016,,461.51799013686644,514.3443204051838,496.2962277236242,576.7311915749848,484.68239290713734,305.851043884625,584.3159129032452,653.4568574116854,403.0800222694118,542.6502141900949,,,666.8386036049122,438.0020544885098,528.1551910420458,447.0499470485407,413.369043468305,489.5536391837664
